{"metadata":{"modules":{"imports":[],"exports":{"exported":[],"specifiers":[]}},"usedHelpers":[]},"ignored":false,"code":"if (Meteor.isClient) {\n  // counter starts at 0\n  Session.setDefault('counter', 0);\n\n  Template.hello.helpers({\n    counter: function () {\n      return Session.get('counter');\n    }\n  });\n\n  Template.hello.events({\n    'click button': function () {\n      // increment the counter when button is clicked\n      Session.set('counter', Session.get('counter') + 1);\n    }\n  });\n}\n\nif (Meteor.isServer) {\n  Meteor.startup(function () {\n    // code to run on server at startup\n  });\n}","ast":null,"map":{"version":3,"sources":["/biblereadinginfo.js"],"names":[],"mappings":"AAAA,IAAI,MAAM,CAAC,QAAQ,EAAE;;AAEnB,SAAO,CAAC,UAAU,CAAC,SAAS,EAAE,CAAC,CAAC,CAAC;;AAEjC,UAAQ,CAAC,KAAK,CAAC,OAAO,CAAC;AACrB,WAAO,EAAE,YAAY;AACnB,aAAO,OAAO,CAAC,GAAG,CAAC,SAAS,CAAC,CAAC;KAC/B;GACF,CAAC,CAAC;;AAEH,UAAQ,CAAC,KAAK,CAAC,MAAM,CAAC;AACpB,kBAAc,EAAE,YAAY;;AAE1B,aAAO,CAAC,GAAG,CAAC,SAAS,EAAE,OAAO,CAAC,GAAG,CAAC,SAAS,CAAC,GAAG,CAAC,CAAC,CAAC;KACpD;GACF,CAAC,CAAC;CACJ;;AAED,IAAI,MAAM,CAAC,QAAQ,EAAE;AACnB,QAAM,CAAC,OAAO,CAAC,YAAY;;GAE1B,CAAC,CAAC;CACJ","file":"/biblereadinginfo.js.map","sourcesContent":["if (Meteor.isClient) {\n  // counter starts at 0\n  Session.setDefault('counter', 0);\n\n  Template.hello.helpers({\n    counter: function () {\n      return Session.get('counter');\n    }\n  });\n\n  Template.hello.events({\n    'click button': function () {\n      // increment the counter when button is clicked\n      Session.set('counter', Session.get('counter') + 1);\n    }\n  });\n}\n\nif (Meteor.isServer) {\n  Meteor.startup(function () {\n    // code to run on server at startup\n  });\n}\n"]},"hash":"0fe0e0f889de7a5fb3cf9648b1c48f00b9e70ea0"}
