{"metadata":{"modules":{"imports":[],"exports":{"exported":[],"specifiers":[]}},"usedHelpers":[]},"ignored":false,"code":"Meteor.methods({\n\taddComment: function (comment) {\n\t\tif (this.userId) {\n\t\t\tcomment.createdOn = new Date();\n\t\t\tcomment.userId = this.userId;\n\t\t\treturn Comments.insert(comment);\n\t\t}\n\t\treturn;\n\t}\n});","ast":null,"map":{"version":3,"sources":["/shared/main.js"],"names":[],"mappings":"AAAA,MAAM,CAAC,OAAO,CAAC;AACd,WAAU,EAAC,UAAS,OAAO,EAAC;AAC3B,MAAI,IAAI,CAAC,MAAM,EAAC;AACf,UAAO,CAAC,SAAS,GAAG,IAAI,IAAI,EAAE,CAAC;AAC/B,UAAO,CAAC,MAAM,GAAG,IAAI,CAAC,MAAM,CAAC;AAC7B,UAAO,QAAQ,CAAC,MAAM,CAAC,OAAO,CAAC,CAAC;GAChC;AACD,SAAO;EACP;CACD,CAAC,CAAA","file":"/shared/main.js.map","sourcesContent":["Meteor.methods({\r\n\taddComment:function(comment){\r\n\t\tif (this.userId){\r\n\t\t\tcomment.createdOn = new Date();\r\n\t\t\tcomment.userId = this.userId;\r\n\t\t\treturn Comments.insert(comment);\r\n\t\t}\r\n\t\treturn;\r\n\t}\r\n})"]},"hash":"20dd576e65b699c2a9a501f1919464455aa57c8c"}
