{"metadata":{"modules":{"imports":[],"exports":{"exported":[],"specifiers":[]}},"usedHelpers":[]},"ignored":false,"code":"// this file contains the data\nvar Day_English_New = [{ name: \"\", url: \"\" }, { name: \"Matthew 1\", url: \"http://online.recoveryversion.org/txo/40_Matthew1.htm\" }, { name: \"Matthew 2\", url: \"http://online.recoveryversion.org/txo/40_Matthew2.htm\" }, { name: \"Matthew 3\", url: \"http://online.recoveryversion.org/txo/40_Matthew3.htm\" }, { name: \"Matthew 4\", url: \"http://online.recoveryversion.org/txo/40_Matthew4.htm\" }, { name: \"Matthew 5\", url: \"http://online.recoveryversion.org/txo/40_Matthew5.htm\" }, { name: \"Matthew 6\", url: \"http://online.recoveryversion.org/txo/40_Matthew6.htm\" }, { name: \"Matthew 7\", url: \"http://online.recoveryversion.org/txo/40_Matthew7.htm\" }, { name: \"Matthew 8\", url: \"http://online.recoveryversion.org/txo/40_Matthew8.htm\" }, { name: \"Matthew 9\", url: \"http://online.recoveryversion.org/txo/40_Matthew9.htm\" }, { name: \"Matthew 10\", url: \"http://online.recoveryversion.org/txo/40_Matthew10.htm\" }, { name: \"Matthew 11\", url: \"http://online.recoveryversion.org/txo/40_Matthew11.htm\" }, { name: \"Matthew 12\", url: \"http://online.recoveryversion.org/txo/40_Matthew12.htm\" }, { name: \"Matthew 13\", url: \"http://online.recoveryversion.org/txo/40_Matthew13.htm\" }, { name: \"Matthew 14\", url: \"http://online.recoveryversion.org/txo/40_Matthew14.htm\" }, { name: \"Matthew 15\", url: \"http://online.recoveryversion.org/txo/40_Matthew15.htm\" }, { name: \"Matthew 16\", url: \"http://online.recoveryversion.org/txo/40_Matthew16.htm\" }, { name: \"Matthew 17\", url: \"http://online.recoveryversion.org/txo/40_Matthew17.htm\" }, { name: \"Matthew 18\", url: \"http://online.recoveryversion.org/txo/40_Matthew18.htm\" }, { name: \"Matthew 19\", url: \"http://online.recoveryversion.org/txo/40_Matthew19.htm\" }, { name: \"Matthew 20\", url: \"http://online.recoveryversion.org/txo/40_Matthew20.htm\" }, { name: \"Matthew 21\", url: \"http://online.recoveryversion.org/txo/40_Matthew21.htm\" }, { name: \"Matthew 22\", url: \"http://online.recoveryversion.org/txo/40_Matthew22.htm\" }, { name: \"Matthew 23\", url: \"http://online.recoveryversion.org/txo/40_Matthew23.htm\" }, { name: \"Matthew 24\", url: \"http://online.recoveryversion.org/txo/40_Matthew24.htm\" }, { name: \"Matthew 25\", url: \"http://online.recoveryversion.org/txo/40_Matthew25.htm\" }, { name: \"Matthew 26\", url: \"http://online.recoveryversion.org/txo/40_Matthew26.htm\" }, { name: \"Matthew 27\", url: \"http://online.recoveryversion.org/txo/40_Matthew27.htm\" }, { name: \"Matthew 28\", url: \"http://online.recoveryversion.org/txo/40_Matthew28.htm\" }, { name: \"Mark 1\", url: \"http://online.recoveryversion.org/txo/41_Mark1.htm\" }, { name: \"Mark 2\", url: \"http://online.recoveryversion.org/txo/41_Mark2.htm\" }, { name: \"Mark 3\", url: \"http://online.recoveryversion.org/txo/41_Mark3.htm\" }, { name: \"Mark 4\", url: \"http://online.recoveryversion.org/txo/41_Mark4.htm\" }, { name: \"Mark 5\", url: \"http://online.recoveryversion.org/txo/41_Mark5.htm\" }, { name: \"Mark 6\", url: \"http://online.recoveryversion.org/txo/41_Mark6.htm\" }, { name: \"Mark 7\", url: \"http://online.recoveryversion.org/txo/41_Mark7.htm\" }, { name: \"Mark 8\", url: \"http://online.recoveryversion.org/txo/41_Mark8.htm\" }, { name: \"Mark 9\", url: \"http://online.recoveryversion.org/txo/41_Mark9.htm\" }, { name: \"Mark 10\", url: \"http://online.recoveryversion.org/txo/41_Mark10.htm\" }, { name: \"Mark 11\", url: \"http://online.recoveryversion.org/txo/41_Mark11.htm\" }, { name: \"Mark 12\", url: \"http://online.recoveryversion.org/txo/41_Mark12.htm\" }, { name: \"Mark 13\", url: \"http://online.recoveryversion.org/txo/41_Mark13.htm\" }, { name: \"Mark 14\", url: \"http://online.recoveryversion.org/txo/41_Mark14.htm\" }, { name: \"Mark 15\", url: \"http://online.recoveryversion.org/txo/41_Mark15.htm\" }, { name: \"Mark 16\", url: \"http://online.recoveryversion.org/txo/41_Mark16.htm\" }, { name: \"Luke 1\", url: \"http://online.recoveryversion.org/txo/42_Luke1.htm\" }, { name: \"Luke 2\", url: \"http://online.recoveryversion.org/txo/42_Luke2.htm\" }, { name: \"Luke 3\", url: \"http://online.recoveryversion.org/txo/42_Luke3.htm\" }, { name: \"Luke 4\", url: \"http://online.recoveryversion.org/txo/42_Luke4.htm\" }, { name: \"Luke 5\", url: \"http://online.recoveryversion.org/txo/42_Luke5.htm\" }, { name: \"Luke 6\", url: \"http://online.recoveryversion.org/txo/42_Luke6.htm\" }, { name: \"Luke 7\", url: \"http://online.recoveryversion.org/txo/42_Luke7.htm\" }, { name: \"Luke 8\", url: \"http://online.recoveryversion.org/txo/42_Luke8.htm\" }, { name: \"Luke 9\", url: \"http://online.recoveryversion.org/txo/42_Luke9.htm\" }, { name: \"Luke 10\", url: \"http://online.recoveryversion.org/txo/42_Luke10.htm\" }, { name: \"Luke 11\", url: \"http://online.recoveryversion.org/txo/42_Luke11.htm\" }, { name: \"Luke 12\", url: \"http://online.recoveryversion.org/txo/42_Luke12.htm\" }, { name: \"Luke 13\", url: \"http://online.recoveryversion.org/txo/42_Luke13.htm\" }, { name: \"Luke 14\", url: \"http://online.recoveryversion.org/txo/42_Luke14.htm\" }, { name: \"Luke 15\", url: \"http://online.recoveryversion.org/txo/42_Luke15.htm\" }, { name: \"Luke 16\", url: \"http://online.recoveryversion.org/txo/42_Luke16.htm\" }, { name: \"Luke 17\", url: \"http://online.recoveryversion.org/txo/42_Luke17.htm\" }, { name: \"Luke 18\", url: \"http://online.recoveryversion.org/txo/42_Luke18.htm\" }, { name: \"Luke 19\", url: \"http://online.recoveryversion.org/txo/42_Luke19.htm\" }, { name: \"Luke 20\", url: \"http://online.recoveryversion.org/txo/42_Luke20.htm\" }, { name: \"Luke 21\", url: \"http://online.recoveryversion.org/txo/42_Luke21.htm\" }, { name: \"Luke 22\", url: \"http://online.recoveryversion.org/txo/42_Luke22.htm\" }, { name: \"Luke 23\", url: \"http://online.recoveryversion.org/txo/42_Luke23.htm\" }, { name: \"Luke 24\", url: \"http://online.recoveryversion.org/txo/42_Luke24.htm\" }, { name: \"John 1\", url: \"http://online.recoveryversion.org/txo/43_John1.htm\" }, { name: \"John 2\", url: \"http://online.recoveryversion.org/txo/43_John2.htm\" }, { name: \"John 3\", url: \"http://online.recoveryversion.org/txo/43_John3.htm\" }, { name: \"John 4\", url: \"http://online.recoveryversion.org/txo/43_John4.htm\" }, { name: \"John 5\", url: \"http://online.recoveryversion.org/txo/43_John5.htm\" }, { name: \"John 6\", url: \"http://online.recoveryversion.org/txo/43_John6.htm\" }, { name: \"John 7\", url: \"http://online.recoveryversion.org/txo/43_John7.htm\" }, { name: \"John 8\", url: \"http://online.recoveryversion.org/txo/43_John8.htm\" }, { name: \"John 9\", url: \"http://online.recoveryversion.org/txo/43_John9.htm\" }, { name: \"John 10\", url: \"http://online.recoveryversion.org/txo/43_John10.htm\" }, { name: \"John 11\", url: \"http://online.recoveryversion.org/txo/43_John11.htm\" }, { name: \"John 12\", url: \"http://online.recoveryversion.org/txo/43_John12.htm\" }, { name: \"John 13\", url: \"http://online.recoveryversion.org/txo/43_John13.htm\" }, { name: \"John 14\", url: \"http://online.recoveryversion.org/txo/43_John14.htm\" }, { name: \"John 15\", url: \"http://online.recoveryversion.org/txo/43_John15.htm\" }, { name: \"John 16\", url: \"http://online.recoveryversion.org/txo/43_John16.htm\" }, { name: \"John 17\", url: \"http://online.recoveryversion.org/txo/43_John17.htm\" }, { name: \"John 18\", url: \"http://online.recoveryversion.org/txo/43_John18.htm\" }, { name: \"John 19\", url: \"http://online.recoveryversion.org/txo/43_John19.htm\" }, { name: \"John 20\", url: \"http://online.recoveryversion.org/txo/43_John20.htm\" }, { name: \"John 21\", url: \"http://online.recoveryversion.org/txo/43_John21.htm\" }, { name: \"Acts 1\", url: \"http://online.recoveryversion.org/txo/44_Acts1.htm\" }, { name: \"Acts 2\", url: \"http://online.recoveryversion.org/txo/44_Acts2.htm\" }, { name: \"Acts 3\", url: \"http://online.recoveryversion.org/txo/44_Acts3.htm\" }, { name: \"Acts 4\", url: \"http://online.recoveryversion.org/txo/44_Acts4.htm\" }, { name: \"Acts 5\", url: \"http://online.recoveryversion.org/txo/44_Acts5.htm\" }, { name: \"Acts 6\", url: \"http://online.recoveryversion.org/txo/44_Acts6.htm\" }, { name: \"Acts 7\", url: \"http://online.recoveryversion.org/txo/44_Acts7.htm\" }, { name: \"Acts 8\", url: \"http://online.recoveryversion.org/txo/44_Acts8.htm\" }, { name: \"Acts 9\", url: \"http://online.recoveryversion.org/txo/44_Acts9.htm\" }, { name: \"Acts 10\", url: \"http://online.recoveryversion.org/txo/44_Acts10.htm\" }, { name: \"Acts 11\", url: \"http://online.recoveryversion.org/txo/44_Acts11.htm\" }, { name: \"Acts 12\", url: \"http://online.recoveryversion.org/txo/44_Acts12.htm\" }, { name: \"Acts 13\", url: \"http://online.recoveryversion.org/txo/44_Acts13.htm\" }, { name: \"Acts 14\", url: \"http://online.recoveryversion.org/txo/44_Acts14.htm\" }, { name: \"Acts 15\", url: \"http://online.recoveryversion.org/txo/44_Acts15.htm\" }, { name: \"Acts 16\", url: \"http://online.recoveryversion.org/txo/44_Acts16.htm\" }, { name: \"Acts 17\", url: \"http://online.recoveryversion.org/txo/44_Acts17.htm\" }, { name: \"Acts 18\", url: \"http://online.recoveryversion.org/txo/44_Acts18.htm\" }, { name: \"Acts 19\", url: \"http://online.recoveryversion.org/txo/44_Acts19.htm\" }, { name: \"Acts 20\", url: \"http://online.recoveryversion.org/txo/44_Acts20.htm\" }, { name: \"Acts 21\", url: \"http://online.recoveryversion.org/txo/44_Acts21.htm\" }, { name: \"Acts 22\", url: \"http://online.recoveryversion.org/txo/44_Acts22.htm\" }, { name: \"Acts 23\", url: \"http://online.recoveryversion.org/txo/44_Acts23.htm\" }, { name: \"Acts 24\", url: \"http://online.recoveryversion.org/txo/44_Acts24.htm\" }, { name: \"Acts 25\", url: \"http://online.recoveryversion.org/txo/44_Acts25.htm\" }, { name: \"Acts 26\", url: \"http://online.recoveryversion.org/txo/44_Acts26.htm\" }, { name: \"Acts 27\", url: \"http://online.recoveryversion.org/txo/44_Acts27.htm\" }, { name: \"Acts 28\", url: \"http://online.recoveryversion.org/txo/44_Acts28.htm\" }, { name: \"Romans 1\", url: \"http://online.recoveryversion.org/txo/45_Romans1.htm\" }, { name: \"Romans 2\", url: \"http://online.recoveryversion.org/txo/45_Romans2.htm\" }, { name: \"Romans 3\", url: \"http://online.recoveryversion.org/txo/45_Romans3.htm\" }, { name: \"Romans 4\", url: \"http://online.recoveryversion.org/txo/45_Romans4.htm\" }, { name: \"Romans 5\", url: \"http://online.recoveryversion.org/txo/45_Romans5.htm\" }, { name: \"Romans 6\", url: \"http://online.recoveryversion.org/txo/45_Romans6.htm\" }, { name: \"Romans 7\", url: \"http://online.recoveryversion.org/txo/45_Romans7.htm\" }, { name: \"Romans 8\", url: \"http://online.recoveryversion.org/txo/45_Romans8.htm\" }, { name: \"Romans 9\", url: \"http://online.recoveryversion.org/txo/45_Romans9.htm\" }, { name: \"Romans 10\", url: \"http://online.recoveryversion.org/txo/45_Romans10.htm\" }, { name: \"Romans 11\", url: \"http://online.recoveryversion.org/txo/45_Romans11.htm\" }, { name: \"Romans 12\", url: \"http://online.recoveryversion.org/txo/45_Romans12.htm\" }, { name: \"Romans 13\", url: \"http://online.recoveryversion.org/txo/45_Romans13.htm\" }, { name: \"Romans 14\", url: \"http://online.recoveryversion.org/txo/45_Romans14.htm\" }, { name: \"Romans 15\", url: \"http://online.recoveryversion.org/txo/45_Romans15.htm\" }, { name: \"Romans 16\", url: \"http://online.recoveryversion.org/txo/45_Romans16.htm\" }, { name: \"1 Corinthians 1\", url: \"http://online.recoveryversion.org/txo/46_1Corinthians1.htm\" }, { name: \"1 Corinthians 2\", url: \"http://online.recoveryversion.org/txo/46_1Corinthians2.htm\" }, { name: \"1 Corinthians 3\", url: \"http://online.recoveryversion.org/txo/46_1Corinthians3.htm\" }, { name: \"1 Corinthians 4\", url: \"http://online.recoveryversion.org/txo/46_1Corinthians4.htm\" }, { name: \"1 Corinthians 5\", url: \"http://online.recoveryversion.org/txo/46_1Corinthians5.htm\" }, { name: \"1 Corinthians 6\", url: \"http://online.recoveryversion.org/txo/46_1Corinthians6.htm\" }, { name: \"1 Corinthians 7\", url: \"http://online.recoveryversion.org/txo/46_1Corinthians7.htm\" }, { name: \"1 Corinthians 8\", url: \"http://online.recoveryversion.org/txo/46_1Corinthians8.htm\" }, { name: \"1 Corinthians 9\", url: \"http://online.recoveryversion.org/txo/46_1Corinthians9.htm\" }, { name: \"1 Corinthians 10\", url: \"http://online.recoveryversion.org/txo/46_1Corinthians10.htm\" }, { name: \"1 Corinthians 11\", url: \"http://online.recoveryversion.org/txo/46_1Corinthians11.htm\" }, { name: \"1 Corinthians 12\", url: \"http://online.recoveryversion.org/txo/46_1Corinthians12.htm\" }, { name: \"1 Corinthians 13\", url: \"http://online.recoveryversion.org/txo/46_1Corinthians13.htm\" }, { name: \"1 Corinthians 14\", url: \"http://online.recoveryversion.org/txo/46_1Corinthians14.htm\" }, { name: \"1 Corinthians 15\", url: \"http://online.recoveryversion.org/txo/46_1Corinthians15.htm\" }, { name: \"1 Corinthians 16\", url: \"http://online.recoveryversion.org/txo/46_1Corinthians16.htm\" }, { name: \"2 Corinthians 1\", url: \"http://online.recoveryversion.org/txo/47_2Corinthians1.htm\" }, { name: \"2 Corinthians 2\", url: \"http://online.recoveryversion.org/txo/47_2Corinthians2.htm\" }, { name: \"2 Corinthians 3\", url: \"http://online.recoveryversion.org/txo/47_2Corinthians3.htm\" }, { name: \"2 Corinthians 4\", url: \"http://online.recoveryversion.org/txo/47_2Corinthians4.htm\" }, { name: \"2 Corinthians 5\", url: \"http://online.recoveryversion.org/txo/47_2Corinthians5.htm\" }, { name: \"2 Corinthians 6\", url: \"http://online.recoveryversion.org/txo/47_2Corinthians6.htm\" }, { name: \"2 Corinthians 7\", url: \"http://online.recoveryversion.org/txo/47_2Corinthians7.htm\" }, { name: \"2 Corinthians 8\", url: \"http://online.recoveryversion.org/txo/47_2Corinthians8.htm\" }, { name: \"2 Corinthians 9\", url: \"http://online.recoveryversion.org/txo/47_2Corinthians9.htm\" }, { name: \"2 Corinthians 10\", url: \"http://online.recoveryversion.org/txo/47_2Corinthians10.htm\" }, { name: \"2 Corinthians 11\", url: \"http://online.recoveryversion.org/txo/47_2Corinthians11.htm\" }, { name: \"2 Corinthians 12\", url: \"http://online.recoveryversion.org/txo/47_2Corinthians12.htm\" }, { name: \"2 Corinthians 13\", url: \"http://online.recoveryversion.org/txo/47_2Corinthians13.htm\" }, { name: \"Galatians 1\", url: \"http://online.recoveryversion.org/txo/48_Galatians1.htm\" }, { name: \"Galatians 2\", url: \"http://online.recoveryversion.org/txo/48_Galatians2.htm\" }, { name: \"Galatians 3\", url: \"http://online.recoveryversion.org/txo/48_Galatians3.htm\" }, { name: \"Galatians 4\", url: \"http://online.recoveryversion.org/txo/48_Galatians4.htm\" }, { name: \"Galatians 5\", url: \"http://online.recoveryversion.org/txo/48_Galatians5.htm\" }, { name: \"Galatians 6\", url: \"http://online.recoveryversion.org/txo/48_Galatians6.htm\" }, { name: \"Ephesians 1\", url: \"http://online.recoveryversion.org/txo/49_Ephesians1.htm\" }, { name: \"Ephesians 2\", url: \"http://online.recoveryversion.org/txo/49_Ephesians2.htm\" }, { name: \"Ephesians 3\", url: \"http://online.recoveryversion.org/txo/49_Ephesians3.htm\" }, { name: \"Ephesians 4\", url: \"http://online.recoveryversion.org/txo/49_Ephesians4.htm\" }, { name: \"Ephesians 5\", url: \"http://online.recoveryversion.org/txo/49_Ephesians5.htm\" }, { name: \"Ephesians 6\", url: \"http://online.recoveryversion.org/txo/49_Ephesians6.htm\" }, { name: \"Philippians 1\", url: \"http://online.recoveryversion.org/txo/50_Philippians1.htm\" }, { name: \"Philippians 2\", url: \"http://online.recoveryversion.org/txo/50_Philippians2.htm\" }, { name: \"Philippians 3\", url: \"http://online.recoveryversion.org/txo/50_Philippians3.htm\" }, { name: \"Philippians 4\", url: \"http://online.recoveryversion.org/txo/50_Philippians4.htm\" }, { name: \"Colossians 1\", url: \"http://online.recoveryversion.org/txo/51_Colossians1.htm\" }, { name: \"Colossians 2\", url: \"http://online.recoveryversion.org/txo/51_Colossians2.htm\" }, { name: \"Colossians 3\", url: \"http://online.recoveryversion.org/txo/51_Colossians3.htm\" }, { name: \"Colossians 4\", url: \"http://online.recoveryversion.org/txo/51_Colossians4.htm\" }, { name: \"1 Thessalonians 1\", url: \"http://online.recoveryversion.org/txo/52_1Thessalonians1.htm\" }, { name: \"1 Thessalonians 2\", url: \"http://online.recoveryversion.org/txo/52_1Thessalonians2.htm\" }, { name: \"1 Thessalonians 3\", url: \"http://online.recoveryversion.org/txo/52_1Thessalonians3.htm\" }, { name: \"1 Thessalonians 4\", url: \"http://online.recoveryversion.org/txo/52_1Thessalonians4.htm\" }, { name: \"1 Thessalonians 5\", url: \"http://online.recoveryversion.org/txo/52_1Thessalonians5.htm\" }, { name: \"2 Thessalonians 1\", url: \"http://online.recoveryversion.org/txo/53_2Thessalonians1.htm\" }, { name: \"2 Thessalonians 2\", url: \"http://online.recoveryversion.org/txo/53_2Thessalonians2.htm\" }, { name: \"2 Thessalonians 3\", url: \"http://online.recoveryversion.org/txo/53_2Thessalonians3.htm\" }, { name: \"1 Timothy 1\", url: \"http://online.recoveryversion.org/txo/54_1Timothy1.htm\" }, { name: \"1 Timothy 2\", url: \"http://online.recoveryversion.org/txo/54_1Timothy2.htm\" }, { name: \"1 Timothy 3\", url: \"http://online.recoveryversion.org/txo/54_1Timothy3.htm\" }, { name: \"1 Timothy 4\", url: \"http://online.recoveryversion.org/txo/54_1Timothy4.htm\" }, { name: \"1 Timothy 5\", url: \"http://online.recoveryversion.org/txo/54_1Timothy5.htm\" }, { name: \"1 Timothy 6\", url: \"http://online.recoveryversion.org/txo/54_1Timothy6.htm\" }, { name: \"2 Timothy 1\", url: \"http://online.recoveryversion.org/txo/55_2Timothy1.htm\" }, { name: \"2 Timothy 2\", url: \"http://online.recoveryversion.org/txo/55_2Timothy2.htm\" }, { name: \"2 Timothy 3\", url: \"http://online.recoveryversion.org/txo/55_2Timothy3.htm\" }, { name: \"2 Timothy 4\", url: \"http://online.recoveryversion.org/txo/55_2Timothy4.htm\" }, { name: \"Titus 1\", url: \"http://online.recoveryversion.org/txo/56_Titus1.htm\" }, { name: \"Titus 2\", url: \"http://online.recoveryversion.org/txo/56_Titus2.htm\" }, { name: \"Titus 3\", url: \"http://online.recoveryversion.org/txo/56_Titus3.htm\" }, { name: \"Philemon 1\", url: \"http://online.recoveryversion.org/txo/57_Philemon.htm\" }, { name: \"Hebrews 1\", url: \"http://online.recoveryversion.org/txo/58_Hebrews1.htm\" }, { name: \"Hebrews 2\", url: \"http://online.recoveryversion.org/txo/58_Hebrews2.htm\" }, { name: \"Hebrews 3\", url: \"http://online.recoveryversion.org/txo/58_Hebrews3.htm\" }, { name: \"Hebrews 4\", url: \"http://online.recoveryversion.org/txo/58_Hebrews4.htm\" }, { name: \"Hebrews 5\", url: \"http://online.recoveryversion.org/txo/58_Hebrews5.htm\" }, { name: \"Hebrews 6\", url: \"http://online.recoveryversion.org/txo/58_Hebrews6.htm\" }, { name: \"Hebrews 7\", url: \"http://online.recoveryversion.org/txo/58_Hebrews7.htm\" }, { name: \"Hebrews 8\", url: \"http://online.recoveryversion.org/txo/58_Hebrews8.htm\" }, { name: \"Hebrews 9\", url: \"http://online.recoveryversion.org/txo/58_Hebrews9.htm\" }, { name: \"Hebrews 10\", url: \"http://online.recoveryversion.org/txo/58_Hebrews10.htm\" }, { name: \"Hebrews 11\", url: \"http://online.recoveryversion.org/txo/58_Hebrews11.htm\" }, { name: \"Hebrews 12\", url: \"http://online.recoveryversion.org/txo/58_Hebrews12.htm\" }, { name: \"Hebrews 13\", url: \"http://online.recoveryversion.org/txo/58_Hebrews13.htm\" }, { name: \"James 1\", url: \"http://online.recoveryversion.org/txo/59_James1.htm\" }, { name: \"James 2\", url: \"http://online.recoveryversion.org/txo/59_James2.htm\" }, { name: \"James 3\", url: \"http://online.recoveryversion.org/txo/59_James3.htm\" }, { name: \"James 4\", url: \"http://online.recoveryversion.org/txo/59_James4.htm\" }, { name: \"James 5\", url: \"http://online.recoveryversion.org/txo/59_James5.htm\" }, { name: \"1 Peter 1\", url: \"http://online.recoveryversion.org/txo/60_1Peter1.htm\" }, { name: \"1 Peter 2\", url: \"http://online.recoveryversion.org/txo/60_1Peter2.htm\" }, { name: \"1 Peter 3\", url: \"http://online.recoveryversion.org/txo/60_1Peter3.htm\" }, { name: \"1 Peter 4\", url: \"http://online.recoveryversion.org/txo/60_1Peter4.htm\" }, { name: \"1 Peter 5\", url: \"http://online.recoveryversion.org/txo/60_1Peter5.htm\" }, { name: \"2 Peter 1\", url: \"http://online.recoveryversion.org/txo/61_2Peter1.htm\" }, { name: \"2 Peter 2\", url: \"http://online.recoveryversion.org/txo/61_2Peter2.htm\" }, { name: \"2 Peter 3\", url: \"http://online.recoveryversion.org/txo/61_2Peter3.htm\" }, { name: \"1 John 1\", url: \"http://online.recoveryversion.org/txo/62_1John1.htm\" }, { name: \"1 John 2\", url: \"http://online.recoveryversion.org/txo/62_1John2.htm\" }, { name: \"1 John 3\", url: \"http://online.recoveryversion.org/txo/62_1John3.htm\" }, { name: \"1 John 4\", url: \"http://online.recoveryversion.org/txo/62_1John4.htm\" }, { name: \"1 John 5\", url: \"http://online.recoveryversion.org/txo/62_1John5.htm\" }, { name: \"2 John 1\", url: \"http://online.recoveryversion.org/txo/63_2John.htm\" }, { name: \"3 John 1\", url: \"http://online.recoveryversion.org/txo/64_3John.htm\" }, { name: \"Jude 1\", url: \"http://online.recoveryversion.org/txo/65_Jude.htm\" }, { name: \"Revelation 1\", url: \"http://online.recoveryversion.org/txo/66_Revelation1.htm\" }, { name: \"Revelation 2\", url: \"http://online.recoveryversion.org/txo/66_Revelation2.htm\" }, { name: \"Revelation 3\", url: \"http://online.recoveryversion.org/txo/66_Revelation3.htm\" }, { name: \"Revelation 4\", url: \"http://online.recoveryversion.org/txo/66_Revelation4.htm\" }, { name: \"Revelation 5\", url: \"http://online.recoveryversion.org/txo/66_Revelation5.htm\" }, { name: \"Revelation 6\", url: \"http://online.recoveryversion.org/txo/66_Revelation6.htm\" }, { name: \"Revelation 7\", url: \"http://online.recoveryversion.org/txo/66_Revelation7.htm\" }, { name: \"Revelation 8\", url: \"http://online.recoveryversion.org/txo/66_Revelation8.htm\" }, { name: \"Revelation 9\", url: \"http://online.recoveryversion.org/txo/66_Revelation9.htm\" }, { name: \"Revelation 10\", url: \"http://online.recoveryversion.org/txo/66_Revelation10.htm\" }, { name: \"Revelation 11\", url: \"http://online.recoveryversion.org/txo/66_Revelation11.htm\" }, { name: \"Revelation 12\", url: \"http://online.recoveryversion.org/txo/66_Revelation12.htm\" }, { name: \"Revelation 13\", url: \"http://online.recoveryversion.org/txo/66_Revelation13.htm\" }, { name: \"Revelation 14\", url: \"http://online.recoveryversion.org/txo/66_Revelation14.htm\" }, { name: \"Revelation 15\", url: \"http://online.recoveryversion.org/txo/66_Revelation15.htm\" }, { name: \"Revelation 16\", url: \"http://online.recoveryversion.org/txo/66_Revelation16.htm\" }, { name: \"Revelation 17\", url: \"http://online.recoveryversion.org/txo/66_Revelation17.htm\" }, { name: \"Revelation 18\", url: \"http://online.recoveryversion.org/txo/66_Revelation18.htm\" }, { name: \"Revelation 19\", url: \"http://online.recoveryversion.org/txo/66_Revelation19.htm\" }, { name: \"Revelation 20\", url: \"http://online.recoveryversion.org/txo/66_Revelation20.htm\" }, { name: \"Revelation 21\", url: \"http://online.recoveryversion.org/txo/66_Revelation21.htm\" }, { name: \"Revelation 22\", url: \"http://online.recoveryversion.org/txo/66_Revelation22.htm\" }, { name: \"Matthew 1\", url: \"http://online.recoveryversion.org/txo/40_Matthew1.htm\" }, { name: \"Matthew 2\", url: \"http://online.recoveryversion.org/txo/40_Matthew2.htm\" }, { name: \"Matthew 3\", url: \"http://online.recoveryversion.org/txo/40_Matthew3.htm\" }, { name: \"Matthew 4\", url: \"http://online.recoveryversion.org/txo/40_Matthew4.htm\" }, { name: \"Matthew 5\", url: \"http://online.recoveryversion.org/txo/40_Matthew5.htm\" }, { name: \"Matthew 6\", url: \"http://online.recoveryversion.org/txo/40_Matthew6.htm\" }, { name: \"Matthew 7\", url: \"http://online.recoveryversion.org/txo/40_Matthew7.htm\" }, { name: \"Matthew 8\", url: \"http://online.recoveryversion.org/txo/40_Matthew8.htm\" }, { name: \"Matthew 9\", url: \"http://online.recoveryversion.org/txo/40_Matthew9.htm\" }, { name: \"Matthew 10\", url: \"http://online.recoveryversion.org/txo/40_Matthew10.htm\" }, { name: \"Matthew 11\", url: \"http://online.recoveryversion.org/txo/40_Matthew11.htm\" }, { name: \"Matthew 12\", url: \"http://online.recoveryversion.org/txo/40_Matthew12.htm\" }, { name: \"Matthew 13\", url: \"http://online.recoveryversion.org/txo/40_Matthew13.htm\" }, { name: \"Matthew 14\", url: \"http://online.recoveryversion.org/txo/40_Matthew14.htm\" }, { name: \"Matthew 15\", url: \"http://online.recoveryversion.org/txo/40_Matthew15.htm\" }, { name: \"Matthew 16\", url: \"http://online.recoveryversion.org/txo/40_Matthew16.htm\" }, { name: \"Matthew 17\", url: \"http://online.recoveryversion.org/txo/40_Matthew17.htm\" }, { name: \"Matthew 18\", url: \"http://online.recoveryversion.org/txo/40_Matthew18.htm\" }, { name: \"Matthew 19\", url: \"http://online.recoveryversion.org/txo/40_Matthew19.htm\" }, { name: \"Matthew 20\", url: \"http://online.recoveryversion.org/txo/40_Matthew20.htm\" }, { name: \"Matthew 21\", url: \"http://online.recoveryversion.org/txo/40_Matthew21.htm\" }, { name: \"Matthew 22\", url: \"http://online.recoveryversion.org/txo/40_Matthew22.htm\" }, { name: \"Matthew 23\", url: \"http://online.recoveryversion.org/txo/40_Matthew23.htm\" }, { name: \"Matthew 24\", url: \"http://online.recoveryversion.org/txo/40_Matthew24.htm\" }, { name: \"Matthew 25\", url: \"http://online.recoveryversion.org/txo/40_Matthew25.htm\" }, { name: \"Matthew 26\", url: \"http://online.recoveryversion.org/txo/40_Matthew26.htm\" }, { name: \"Matthew 27\", url: \"http://online.recoveryversion.org/txo/40_Matthew27.htm\" }, { name: \"Matthew 28\", url: \"http://online.recoveryversion.org/txo/40_Matthew28.htm\" }, { name: \"Mark 1\", url: \"http://online.recoveryversion.org/txo/41_Mark1.htm\" }, { name: \"Mark 2\", url: \"http://online.recoveryversion.org/txo/41_Mark2.htm\" }, { name: \"Mark 3\", url: \"http://online.recoveryversion.org/txo/41_Mark3.htm\" }, { name: \"Mark 4\", url: \"http://online.recoveryversion.org/txo/41_Mark4.htm\" }, { name: \"Mark 5\", url: \"http://online.recoveryversion.org/txo/41_Mark5.htm\" }, { name: \"Mark 6\", url: \"http://online.recoveryversion.org/txo/41_Mark6.htm\" }, { name: \"Mark 7\", url: \"http://online.recoveryversion.org/txo/41_Mark7.htm\" }, { name: \"Mark 8\", url: \"http://online.recoveryversion.org/txo/41_Mark8.htm\" }, { name: \"Mark 9\", url: \"http://online.recoveryversion.org/txo/41_Mark9.htm\" }, { name: \"Mark 10\", url: \"http://online.recoveryversion.org/txo/41_Mark10.htm\" }, { name: \"Mark 11\", url: \"http://online.recoveryversion.org/txo/41_Mark11.htm\" }, { name: \"Mark 12\", url: \"http://online.recoveryversion.org/txo/41_Mark12.htm\" }, { name: \"Mark 13\", url: \"http://online.recoveryversion.org/txo/41_Mark13.htm\" }, { name: \"Mark 14\", url: \"http://online.recoveryversion.org/txo/41_Mark14.htm\" }, { name: \"Mark 15\", url: \"http://online.recoveryversion.org/txo/41_Mark15.htm\" }, { name: \"Mark 16\", url: \"http://online.recoveryversion.org/txo/41_Mark16.htm\" }, { name: \"Luke 1\", url: \"http://online.recoveryversion.org/txo/42_Luke1.htm\" }, { name: \"Luke 2\", url: \"http://online.recoveryversion.org/txo/42_Luke2.htm\" }, { name: \"Luke 3\", url: \"http://online.recoveryversion.org/txo/42_Luke3.htm\" }, { name: \"Luke 4\", url: \"http://online.recoveryversion.org/txo/42_Luke4.htm\" }, { name: \"Luke 5\", url: \"http://online.recoveryversion.org/txo/42_Luke5.htm\" }, { name: \"Luke 6\", url: \"http://online.recoveryversion.org/txo/42_Luke6.htm\" }, { name: \"Luke 7\", url: \"http://online.recoveryversion.org/txo/42_Luke7.htm\" }, { name: \"Luke 8\", url: \"http://online.recoveryversion.org/txo/42_Luke8.htm\" }, { name: \"Luke 9\", url: \"http://online.recoveryversion.org/txo/42_Luke9.htm\" }, { name: \"Luke 10\", url: \"http://online.recoveryversion.org/txo/42_Luke10.htm\" }, { name: \"Luke 11\", url: \"http://online.recoveryversion.org/txo/42_Luke11.htm\" }, { name: \"Luke 12\", url: \"http://online.recoveryversion.org/txo/42_Luke12.htm\" }, { name: \"Luke 13\", url: \"http://online.recoveryversion.org/txo/42_Luke13.htm\" }, { name: \"Luke 14\", url: \"http://online.recoveryversion.org/txo/42_Luke14.htm\" }, { name: \"Luke 15\", url: \"http://online.recoveryversion.org/txo/42_Luke15.htm\" }, { name: \"Luke 16\", url: \"http://online.recoveryversion.org/txo/42_Luke16.htm\" }, { name: \"Luke 17\", url: \"http://online.recoveryversion.org/txo/42_Luke17.htm\" }, { name: \"Luke 18\", url: \"http://online.recoveryversion.org/txo/42_Luke18.htm\" }, { name: \"Luke 19\", url: \"http://online.recoveryversion.org/txo/42_Luke19.htm\" }, { name: \"Luke 20\", url: \"http://online.recoveryversion.org/txo/42_Luke20.htm\" }, { name: \"Luke 21\", url: \"http://online.recoveryversion.org/txo/42_Luke21.htm\" }, { name: \"Luke 22\", url: \"http://online.recoveryversion.org/txo/42_Luke22.htm\" }, { name: \"Luke 23\", url: \"http://online.recoveryversion.org/txo/42_Luke23.htm\" }, { name: \"Luke 24\", url: \"http://online.recoveryversion.org/txo/42_Luke24.htm\" }, { name: \"John 1\", url: \"http://online.recoveryversion.org/txo/43_John1.htm\" }, { name: \"John 2\", url: \"http://online.recoveryversion.org/txo/43_John2.htm\" }, { name: \"John 3\", url: \"http://online.recoveryversion.org/txo/43_John3.htm\" }, { name: \"John 4\", url: \"http://online.recoveryversion.org/txo/43_John4.htm\" }, { name: \"John 5\", url: \"http://online.recoveryversion.org/txo/43_John5.htm\" }, { name: \"John 6\", url: \"http://online.recoveryversion.org/txo/43_John6.htm\" }, { name: \"John 7\", url: \"http://online.recoveryversion.org/txo/43_John7.htm\" }, { name: \"John 8\", url: \"http://online.recoveryversion.org/txo/43_John8.htm\" }, { name: \"John 9\", url: \"http://online.recoveryversion.org/txo/43_John9.htm\" }, { name: \"John 10\", url: \"http://online.recoveryversion.org/txo/43_John10.htm\" }, { name: \"John 11\", url: \"http://online.recoveryversion.org/txo/43_John11.htm\" }, { name: \"John 12\", url: \"http://online.recoveryversion.org/txo/43_John12.htm\" }, { name: \"John 13\", url: \"http://online.recoveryversion.org/txo/43_John13.htm\" }, { name: \"John 14\", url: \"http://online.recoveryversion.org/txo/43_John14.htm\" }, { name: \"John 15\", url: \"http://online.recoveryversion.org/txo/43_John15.htm\" }, { name: \"John 16\", url: \"http://online.recoveryversion.org/txo/43_John16.htm\" }, { name: \"John 17\", url: \"http://online.recoveryversion.org/txo/43_John17.htm\" }, { name: \"John 18\", url: \"http://online.recoveryversion.org/txo/43_John18.htm\" }, { name: \"John 19\", url: \"http://online.recoveryversion.org/txo/43_John19.htm\" }, { name: \"John 20\", url: \"http://online.recoveryversion.org/txo/43_John20.htm\" }, { name: \"John 21\", url: \"http://online.recoveryversion.org/txo/43_John21.htm\" }, { name: \"Acts 1\", url: \"http://online.recoveryversion.org/txo/44_Acts1.htm\" }, { name: \"Acts 2\", url: \"http://online.recoveryversion.org/txo/44_Acts2.htm\" }, { name: \"Acts 3\", url: \"http://online.recoveryversion.org/txo/44_Acts3.htm\" }, { name: \"Acts 4\", url: \"http://online.recoveryversion.org/txo/44_Acts4.htm\" }, { name: \"Acts 5\", url: \"http://online.recoveryversion.org/txo/44_Acts5.htm\" }, { name: \"Acts 6\", url: \"http://online.recoveryversion.org/txo/44_Acts6.htm\" }, { name: \"Acts 7\", url: \"http://online.recoveryversion.org/txo/44_Acts7.htm\" }, { name: \"Acts 8\", url: \"http://online.recoveryversion.org/txo/44_Acts8.htm\" }, { name: \"Acts 9\", url: \"http://online.recoveryversion.org/txo/44_Acts9.htm\" }, { name: \"Acts 10\", url: \"http://online.recoveryversion.org/txo/44_Acts10.htm\" }, { name: \"Acts 11\", url: \"http://online.recoveryversion.org/txo/44_Acts11.htm\" }, { name: \"Acts 12\", url: \"http://online.recoveryversion.org/txo/44_Acts12.htm\" }, { name: \"Acts 13\", url: \"http://online.recoveryversion.org/txo/44_Acts13.htm\" }, { name: \"Acts 14\", url: \"http://online.recoveryversion.org/txo/44_Acts14.htm\" }, { name: \"Acts 15\", url: \"http://online.recoveryversion.org/txo/44_Acts15.htm\" }, { name: \"Acts 16\", url: \"http://online.recoveryversion.org/txo/44_Acts16.htm\" }, { name: \"Acts 17\", url: \"http://online.recoveryversion.org/txo/44_Acts17.htm\" }];","ast":null,"map":{"version":3,"sources":["/DataEnglishNew.js"],"names":[],"mappings":";AACA,IAAI,eAAe,GAAG,CAAE,EAAE,IAAI,EAAE,EAAE,EAAE,GAAG,EAAE,EAAE,EAAE,EACrC,EAAE,IAAI,EAAE,WAAW,EAAE,GAAG,EAAE,uDAAuD,EAAE,EACnF,EAAE,IAAI,EAAE,WAAW,EAAE,GAAG,EAAE,uDAAuD,EAAE,EACnF,EAAE,IAAI,EAAE,WAAW,EAAE,GAAG,EAAE,uDAAuD,EAAE,EACnF,EAAE,IAAI,EAAE,WAAW,EAAE,GAAG,EAAE,uDAAuD,EAAE,EACnF,EAAE,IAAI,EAAE,WAAW,EAAE,GAAG,EAAE,uDAAuD,EAAE,EACnF,EAAE,IAAI,EAAE,WAAW,EAAE,GAAG,EAAE,uDAAuD,EAAE,EACnF,EAAE,IAAI,EAAE,WAAW,EAAE,GAAG,EAAE,uDAAuD,EAAE,EACnF,EAAE,IAAI,EAAE,WAAW,EAAE,GAAG,EAAE,uDAAuD,EAAE,EACnF,EAAE,IAAI,EAAE,WAAW,EAAE,GAAG,EAAE,uDAAuD,EAAE,EACnF,EAAE,IAAI,EAAE,YAAY,EAAE,GAAG,EAAE,wDAAwD,EAAE,EACrF,EAAE,IAAI,EAAE,YAAY,EAAE,GAAG,EAAE,wDAAwD,EAAE,EACrF,EAAE,IAAI,EAAE,YAAY,EAAE,GAAG,EAAE,wDAAwD,EAAE,EACrF,EAAE,IAAI,EAAE,YAAY,EAAE,GAAG,EAAE,wDAAwD,EAAE,EACrF,EAAE,IAAI,EAAE,YAAY,EAAE,GAAG,EAAE,wDAAwD,EAAE,EACrF,EAAE,IAAI,EAAE,YAAY,EAAE,GAAG,EAAE,wDAAwD,EAAE,EACrF,EAAE,IAAI,EAAE,YAAY,EAAE,GAAG,EAAE,wDAAwD,EAAE,EACrF,EAAE,IAAI,EAAE,YAAY,EAAE,GAAG,EAAE,wDAAwD,EAAE,EACrF,EAAE,IAAI,EAAE,YAAY,EAAE,GAAG,EAAE,wDAAwD,EAAE,EACrF,EAAE,IAAI,EAAE,YAAY,EAAE,GAAG,EAAE,wDAAwD,EAAE,EACrF,EAAE,IAAI,EAAE,YAAY,EAAE,GAAG,EAAE,wDAAwD,EAAE,EACrF,EAAE,IAAI,EAAE,YAAY,EAAE,GAAG,EAAE,wDAAwD,EAAE,EACrF,EAAE,IAAI,EAAE,YAAY,EAAE,GAAG,EAAE,wDAAwD,EAAE,EACrF,EAAE,IAAI,EAAE,YAAY,EAAE,GAAG,EAAE,wDAAwD,EAAE,EACrF,EAAE,IAAI,EAAE,YAAY,EAAE,GAAG,EAAE,wDAAwD,EAAE,EACrF,EAAE,IAAI,EAAE,YAAY,EAAE,GAAG,EAAE,wDAAwD,EAAE,EACrF,EAAE,IAAI,EAAE,YAAY,EAAE,GAAG,EAAE,wDAAwD,EAAE,EACrF,EAAE,IAAI,EAAE,YAAY,EAAE,GAAG,EAAE,wDAAwD,EAAE,EACrF,EAAE,IAAI,EAAE,YAAY,EAAE,GAAG,EAAE,wDAAwD,EAAE,EACrF,EAAE,IAAI,EAAE,QAAQ,EAAE,GAAG,EAAE,oDAAoD,EAAE,EAC7E,EAAE,IAAI,EAAE,QAAQ,EAAE,GAAG,EAAE,oDAAoD,EAAE,EAC7E,EAAE,IAAI,EAAE,QAAQ,EAAE,GAAG,EAAE,oDAAoD,EAAE,EAC7E,EAAE,IAAI,EAAE,QAAQ,EAAE,GAAG,EAAE,oDAAoD,EAAE,EAC7E,EAAE,IAAI,EAAE,QAAQ,EAAE,GAAG,EAAE,oDAAoD,EAAE,EAC7E,EAAE,IAAI,EAAE,QAAQ,EAAE,GAAG,EAAE,oDAAoD,EAAE,EAC7E,EAAE,IAAI,EAAE,QAAQ,EAAE,GAAG,EAAE,oDAAoD,EAAE,EAC7E,EAAE,IAAI,EAAE,QAAQ,EAAE,GAAG,EAAE,oDAAoD,EAAE,EAC7E,EAAE,IAAI,EAAE,QAAQ,EAAE,GAAG,EAAE,oDAAoD,EAAE,EAC7E,EAAE,IAAI,EAAE,SAAS,EAAE,GAAG,EAAE,qDAAqD,EAAE,EAC/E,EAAE,IAAI,EAAE,SAAS,EAAE,GAAG,EAAE,qDAAqD,EAAE,EAC/E,EAAE,IAAI,EAAE,SAAS,EAAE,GAAG,EAAE,qDAAqD,EAAE,EAC/E,EAAE,IAAI,EAAE,SAAS,EAAE,GAAG,EAAE,qDAAqD,EAAE,EAC/E,EAAE,IAAI,EAAE,SAAS,EAAE,GAAG,EAAE,qDAAqD,EAAE,EAC/E,EAAE,IAAI,EAAE,SAAS,EAAE,GAAG,EAAE,qDAAqD,EAAE,EAC/E,EAAE,IAAI,EAAE,SAAS,EAAE,GAAG,EAAE,qDAAqD,EAAE,EAC/E,EAAE,IAAI,EAAE,QAAQ,EAAE,GAAG,EAAE,oDAAoD,EAAE,EAC7E,EAAE,IAAI,EAAE,QAAQ,EAAE,GAAG,EAAE,oDAAoD,EAAE,EAC7E,EAAE,IAAI,EAAE,QAAQ,EAAE,GAAG,EAAE,oDAAoD,EAAE,EAC7E,EAAE,IAAI,EAAE,QAAQ,EAAE,GAAG,EAAE,oDAAoD,EAAE,EAC7E,EAAE,IAAI,EAAE,QAAQ,EAAE,GAAG,EAAE,oDAAoD,EAAE,EAC7E,EAAE,IAAI,EAAE,QAAQ,EAAE,GAAG,EAAE,oDAAoD,EAAE,EAC7E,EAAE,IAAI,EAAE,QAAQ,EAAE,GAAG,EAAE,oDAAoD,EAAE,EAC7E,EAAE,IAAI,EAAE,QAAQ,EAAE,GAAG,EAAE,oDAAoD,EAAE,EAC7E,EAAE,IAAI,EAAE,QAAQ,EAAE,GAAG,EAAE,oDAAoD,EAAE,EAC7E,EAAE,IAAI,EAAE,SAAS,EAAE,GAAG,EAAE,qDAAqD,EAAE,EAC/E,EAAE,IAAI,EAAE,SAAS,EAAE,GAAG,EAAE,qDAAqD,EAAE,EAC/E,EAAE,IAAI,EAAE,SAAS,EAAE,GAAG,EAAE,qDAAqD,EAAE,EAC/E,EAAE,IAAI,EAAE,SAAS,EAAE,GAAG,EAAE,qDAAqD,EAAE,EAC/E,EAAE,IAAI,EAAE,SAAS,EAAE,GAAG,EAAE,qDAAqD,EAAE,EAC/E,EAAE,IAAI,EAAE,SAAS,EAAE,GAAG,EAAE,qDAAqD,EAAE,EAC/E,EAAE,IAAI,EAAE,SAAS,EAAE,GAAG,EAAE,qDAAqD,EAAE,EAC/E,EAAE,IAAI,EAAE,SAAS,EAAE,GAAG,EAAE,qDAAqD,EAAE,EAC/E,EAAE,IAAI,EAAE,SAAS,EAAE,GAAG,EAAE,qDAAqD,EAAE,EAC/E,EAAE,IAAI,EAAE,SAAS,EAAE,GAAG,EAAE,qDAAqD,EAAE,EAC/E,EAAE,IAAI,EAAE,SAAS,EAAE,GAAG,EAAE,qDAAqD,EAAE,EAC/E,EAAE,IAAI,EAAE,SAAS,EAAE,GAAG,EAAE,qDAAqD,EAAE,EAC/E,EAAE,IAAI,EAAE,SAAS,EAAE,GAAG,EAAE,qDAAqD,EAAE,EAC/E,EAAE,IAAI,EAAE,SAAS,EAAE,GAAG,EAAE,qDAAqD,EAAE,EAC/E,EAAE,IAAI,EAAE,SAAS,EAAE,GAAG,EAAE,qDAAqD,EAAE,EAC/E,EAAE,IAAI,EAAE,QAAQ,EAAE,GAAG,EAAE,oDAAoD,EAAE,EAC7E,EAAE,IAAI,EAAE,QAAQ,EAAE,GAAG,EAAE,oDAAoD,EAAE,EAC7E,EAAE,IAAI,EAAE,QAAQ,EAAE,GAAG,EAAE,oDAAoD,EAAE,EAC7E,EAAE,IAAI,EAAE,QAAQ,EAAE,GAAG,EAAE,oDAAoD,EAAE,EAC7E,EAAE,IAAI,EAAE,QAAQ,EAAE,GAAG,EAAE,oDAAoD,EAAE,EAC7E,EAAE,IAAI,EAAE,QAAQ,EAAE,GAAG,EAAE,oDAAoD,EAAE,EAC7E,EAAE,IAAI,EAAE,QAAQ,EAAE,GAAG,EAAE,oDAAoD,EAAE,EAC7E,EAAE,IAAI,EAAE,QAAQ,EAAE,GAAG,EAAE,oDAAoD,EAAE,EAC7E,EAAE,IAAI,EAAE,QAAQ,EAAE,GAAG,EAAE,oDAAoD,EAAE,EAC7E,EAAE,IAAI,EAAE,SAAS,EAAE,GAAG,EAAE,qDAAqD,EAAE,EAC/E,EAAE,IAAI,EAAE,SAAS,EAAE,GAAG,EAAE,qDAAqD,EAAE,EAC/E,EAAE,IAAI,EAAE,SAAS,EAAE,GAAG,EAAE,qDAAqD,EAAE,EAC/E,EAAE,IAAI,EAAE,SAAS,EAAE,GAAG,EAAE,qDAAqD,EAAE,EAC/E,EAAE,IAAI,EAAE,SAAS,EAAE,GAAG,EAAE,qDAAqD,EAAE,EAC/E,EAAE,IAAI,EAAE,SAAS,EAAE,GAAG,EAAE,qDAAqD,EAAE,EAC/E,EAAE,IAAI,EAAE,SAAS,EAAE,GAAG,EAAE,qDAAqD,EAAE,EAC/E,EAAE,IAAI,EAAE,SAAS,EAAE,GAAG,EAAE,qDAAqD,EAAE,EAC/E,EAAE,IAAI,EAAE,SAAS,EAAE,GAAG,EAAE,qDAAqD,EAAE,EAC/E,EAAE,IAAI,EAAE,SAAS,EAAE,GAAG,EAAE,qDAAqD,EAAE,EAC/E,EAAE,IAAI,EAAE,SAAS,EAAE,GAAG,EAAE,qDAAqD,EAAE,EAC/E,EAAE,IAAI,EAAE,SAAS,EAAE,GAAG,EAAE,qDAAqD,EAAE,EAC/E,EAAE,IAAI,EAAE,QAAQ,EAAE,GAAG,EAAE,oDAAoD,EAAE,EAC7E,EAAE,IAAI,EAAE,QAAQ,EAAE,GAAG,EAAE,oDAAoD,EAAE,EAC7E,EAAE,IAAI,EAAE,QAAQ,EAAE,GAAG,EAAE,oDAAoD,EAAE,EAC7E,EAAE,IAAI,EAAE,QAAQ,EAAE,GAAG,EAAE,oDAAoD,EAAE,EAC7E,EAAE,IAAI,EAAE,QAAQ,EAAE,GAAG,EAAE,oDAAoD,EAAE,EAC7E,EAAE,IAAI,EAAE,QAAQ,EAAE,GAAG,EAAE,oDAAoD,EAAE,EAC7E,EAAE,IAAI,EAAE,QAAQ,EAAE,GAAG,EAAE,oDAAoD,EAAE,EAC7E,EAAE,IAAI,EAAE,QAAQ,EAAE,GAAG,EAAE,oDAAoD,EAAE,EAC7E,EAAE,IAAI,EAAE,QAAQ,EAAE,GAAG,EAAE,oDAAoD,EAAE,EAC7E,EAAE,IAAI,EAAE,SAAS,EAAE,GAAG,EAAE,qDAAqD,EAAE,EAC/E,EAAE,IAAI,EAAE,SAAS,EAAE,GAAG,EAAE,qDAAqD,EAAE,EAC/E,EAAE,IAAI,EAAE,SAAS,EAAE,GAAG,EAAE,qDAAqD,EAAE,EAC/E,EAAE,IAAI,EAAE,SAAS,EAAE,GAAG,EAAE,qDAAqD,EAAE,EAC/E,EAAE,IAAI,EAAE,SAAS,EAAE,GAAG,EAAE,qDAAqD,EAAE,EAC/E,EAAE,IAAI,EAAE,SAAS,EAAE,GAAG,EAAE,qDAAqD,EAAE,EAC/E,EAAE,IAAI,EAAE,SAAS,EAAE,GAAG,EAAE,qDAAqD,EAAE,EAC/E,EAAE,IAAI,EAAE,SAAS,EAAE,GAAG,EAAE,qDAAqD,EAAE,EAC/E,EAAE,IAAI,EAAE,SAAS,EAAE,GAAG,EAAE,qDAAqD,EAAE,EAC/E,EAAE,IAAI,EAAE,SAAS,EAAE,GAAG,EAAE,qDAAqD,EAAE,EAC/E,EAAE,IAAI,EAAE,SAAS,EAAE,GAAG,EAAE,qDAAqD,EAAE,EAC/E,EAAE,IAAI,EAAE,SAAS,EAAE,GAAG,EAAE,qDAAqD,EAAE,EAC/E,EAAE,IAAI,EAAE,SAAS,EAAE,GAAG,EAAE,qDAAqD,EAAE,EAC/E,EAAE,IAAI,EAAE,SAAS,EAAE,GAAG,EAAE,qDAAqD,EAAE,EAC/E,EAAE,IAAI,EAAE,SAAS,EAAE,GAAG,EAAE,qDAAqD,EAAE,EAC/E,EAAE,IAAI,EAAE,SAAS,EAAE,GAAG,EAAE,qDAAqD,EAAE,EAC/E,EAAE,IAAI,EAAE,SAAS,EAAE,GAAG,EAAE,qDAAqD,EAAE,EAC/E,EAAE,IAAI,EAAE,SAAS,EAAE,GAAG,EAAE,qDAAqD,EAAE,EAC/E,EAAE,IAAI,EAAE,SAAS,EAAE,GAAG,EAAE,qDAAqD,EAAE,EAC/E,EAAE,IAAI,EAAE,UAAU,EAAE,GAAG,EAAE,sDAAsD,EAAE,EACjF,EAAE,IAAI,EAAE,UAAU,EAAE,GAAG,EAAE,sDAAsD,EAAE,EACjF,EAAE,IAAI,EAAE,UAAU,EAAE,GAAG,EAAE,sDAAsD,EAAE,EACjF,EAAE,IAAI,EAAE,UAAU,EAAE,GAAG,EAAE,sDAAsD,EAAE,EACjF,EAAE,IAAI,EAAE,UAAU,EAAE,GAAG,EAAE,sDAAsD,EAAE,EACjF,EAAE,IAAI,EAAE,UAAU,EAAE,GAAG,EAAE,sDAAsD,EAAE,EACjF,EAAE,IAAI,EAAE,UAAU,EAAE,GAAG,EAAE,sDAAsD,EAAE,EACjF,EAAE,IAAI,EAAE,UAAU,EAAE,GAAG,EAAE,sDAAsD,EAAE,EACjF,EAAE,IAAI,EAAE,UAAU,EAAE,GAAG,EAAE,sDAAsD,EAAE,EACjF,EAAE,IAAI,EAAE,WAAW,EAAE,GAAG,EAAE,uDAAuD,EAAE,EACnF,EAAE,IAAI,EAAE,WAAW,EAAE,GAAG,EAAE,uDAAuD,EAAE,EACnF,EAAE,IAAI,EAAE,WAAW,EAAE,GAAG,EAAE,uDAAuD,EAAE,EACnF,EAAE,IAAI,EAAE,WAAW,EAAE,GAAG,EAAE,uDAAuD,EAAE,EACnF,EAAE,IAAI,EAAE,WAAW,EAAE,GAAG,EAAE,uDAAuD,EAAE,EACnF,EAAE,IAAI,EAAE,WAAW,EAAE,GAAG,EAAE,uDAAuD,EAAE,EACnF,EAAE,IAAI,EAAE,WAAW,EAAE,GAAG,EAAE,uDAAuD,EAAE,EACnF,EAAE,IAAI,EAAE,iBAAiB,EAAE,GAAG,EAAE,4DAA4D,EAAE,EAC9F,EAAE,IAAI,EAAE,iBAAiB,EAAE,GAAG,EAAE,4DAA4D,EAAE,EAC9F,EAAE,IAAI,EAAE,iBAAiB,EAAE,GAAG,EAAE,4DAA4D,EAAE,EAC9F,EAAE,IAAI,EAAE,iBAAiB,EAAE,GAAG,EAAE,4DAA4D,EAAE,EAC9F,EAAE,IAAI,EAAE,iBAAiB,EAAE,GAAG,EAAE,4DAA4D,EAAE,EAC9F,EAAE,IAAI,EAAE,iBAAiB,EAAE,GAAG,EAAE,4DAA4D,EAAE,EAC9F,EAAE,IAAI,EAAE,iBAAiB,EAAE,GAAG,EAAE,4DAA4D,EAAE,EAC9F,EAAE,IAAI,EAAE,iBAAiB,EAAE,GAAG,EAAE,4DAA4D,EAAE,EAC9F,EAAE,IAAI,EAAE,iBAAiB,EAAE,GAAG,EAAE,4DAA4D,EAAE,EAC9F,EAAE,IAAI,EAAE,kBAAkB,EAAE,GAAG,EAAE,6DAA6D,EAAE,EAChG,EAAE,IAAI,EAAE,kBAAkB,EAAE,GAAG,EAAE,6DAA6D,EAAE,EAChG,EAAE,IAAI,EAAE,kBAAkB,EAAE,GAAG,EAAE,6DAA6D,EAAE,EAChG,EAAE,IAAI,EAAE,kBAAkB,EAAE,GAAG,EAAE,6DAA6D,EAAE,EAChG,EAAE,IAAI,EAAE,kBAAkB,EAAE,GAAG,EAAE,6DAA6D,EAAE,EAChG,EAAE,IAAI,EAAE,kBAAkB,EAAE,GAAG,EAAE,6DAA6D,EAAE,EAChG,EAAE,IAAI,EAAE,kBAAkB,EAAE,GAAG,EAAE,6DAA6D,EAAE,EAChG,EAAE,IAAI,EAAE,iBAAiB,EAAE,GAAG,EAAE,4DAA4D,EAAE,EAC9F,EAAE,IAAI,EAAE,iBAAiB,EAAE,GAAG,EAAE,4DAA4D,EAAE,EAC9F,EAAE,IAAI,EAAE,iBAAiB,EAAE,GAAG,EAAE,4DAA4D,EAAE,EAC9F,EAAE,IAAI,EAAE,iBAAiB,EAAE,GAAG,EAAE,4DAA4D,EAAE,EAC9F,EAAE,IAAI,EAAE,iBAAiB,EAAE,GAAG,EAAE,4DAA4D,EAAE,EAC9F,EAAE,IAAI,EAAE,iBAAiB,EAAE,GAAG,EAAE,4DAA4D,EAAE,EAC9F,EAAE,IAAI,EAAE,iBAAiB,EAAE,GAAG,EAAE,4DAA4D,EAAE,EAC9F,EAAE,IAAI,EAAE,iBAAiB,EAAE,GAAG,EAAE,4DAA4D,EAAE,EAC9F,EAAE,IAAI,EAAE,iBAAiB,EAAE,GAAG,EAAE,4DAA4D,EAAE,EAC9F,EAAE,IAAI,EAAE,kBAAkB,EAAE,GAAG,EAAE,6DAA6D,EAAE,EAChG,EAAE,IAAI,EAAE,kBAAkB,EAAE,GAAG,EAAE,6DAA6D,EAAE,EAChG,EAAE,IAAI,EAAE,kBAAkB,EAAE,GAAG,EAAE,6DAA6D,EAAE,EAChG,EAAE,IAAI,EAAE,kBAAkB,EAAE,GAAG,EAAE,6DAA6D,EAAE,EAChG,EAAE,IAAI,EAAE,aAAa,EAAE,GAAG,EAAE,yDAAyD,EAAE,EACvF,EAAE,IAAI,EAAE,aAAa,EAAE,GAAG,EAAE,yDAAyD,EAAE,EACvF,EAAE,IAAI,EAAE,aAAa,EAAE,GAAG,EAAE,yDAAyD,EAAE,EACvF,EAAE,IAAI,EAAE,aAAa,EAAE,GAAG,EAAE,yDAAyD,EAAE,EACvF,EAAE,IAAI,EAAE,aAAa,EAAE,GAAG,EAAE,yDAAyD,EAAE,EACvF,EAAE,IAAI,EAAE,aAAa,EAAE,GAAG,EAAE,yDAAyD,EAAE,EACvF,EAAE,IAAI,EAAE,aAAa,EAAE,GAAG,EAAE,yDAAyD,EAAE,EACvF,EAAE,IAAI,EAAE,aAAa,EAAE,GAAG,EAAE,yDAAyD,EAAE,EACvF,EAAE,IAAI,EAAE,aAAa,EAAE,GAAG,EAAE,yDAAyD,EAAE,EACvF,EAAE,IAAI,EAAE,aAAa,EAAE,GAAG,EAAE,yDAAyD,EAAE,EACvF,EAAE,IAAI,EAAE,aAAa,EAAE,GAAG,EAAE,yDAAyD,EAAE,EACvF,EAAE,IAAI,EAAE,aAAa,EAAE,GAAG,EAAE,yDAAyD,EAAE,EACvF,EAAE,IAAI,EAAE,eAAe,EAAE,GAAG,EAAE,2DAA2D,EAAE,EAC3F,EAAE,IAAI,EAAE,eAAe,EAAE,GAAG,EAAE,2DAA2D,EAAE,EAC3F,EAAE,IAAI,EAAE,eAAe,EAAE,GAAG,EAAE,2DAA2D,EAAE,EAC3F,EAAE,IAAI,EAAE,eAAe,EAAE,GAAG,EAAE,2DAA2D,EAAE,EAC3F,EAAE,IAAI,EAAE,cAAc,EAAE,GAAG,EAAE,0DAA0D,EAAE,EACzF,EAAE,IAAI,EAAE,cAAc,EAAE,GAAG,EAAE,0DAA0D,EAAE,EACzF,EAAE,IAAI,EAAE,cAAc,EAAE,GAAG,EAAE,0DAA0D,EAAE,EACzF,EAAE,IAAI,EAAE,cAAc,EAAE,GAAG,EAAE,0DAA0D,EAAE,EACzF,EAAE,IAAI,EAAE,mBAAmB,EAAE,GAAG,EAAE,8DAA8D,EAAE,EAClG,EAAE,IAAI,EAAE,mBAAmB,EAAE,GAAG,EAAE,8DAA8D,EAAE,EAClG,EAAE,IAAI,EAAE,mBAAmB,EAAE,GAAG,EAAE,8DAA8D,EAAE,EAClG,EAAE,IAAI,EAAE,mBAAmB,EAAE,GAAG,EAAE,8DAA8D,EAAE,EAClG,EAAE,IAAI,EAAE,mBAAmB,EAAE,GAAG,EAAE,8DAA8D,EAAE,EAClG,EAAE,IAAI,EAAE,mBAAmB,EAAE,GAAG,EAAE,8DAA8D,EAAE,EAClG,EAAE,IAAI,EAAE,mBAAmB,EAAE,GAAG,EAAE,8DAA8D,EAAE,EAClG,EAAE,IAAI,EAAE,mBAAmB,EAAE,GAAG,EAAE,8DAA8D,EAAE,EAClG,EAAE,IAAI,EAAE,aAAa,EAAE,GAAG,EAAE,wDAAwD,EAAE,EACtF,EAAE,IAAI,EAAE,aAAa,EAAE,GAAG,EAAE,wDAAwD,EAAE,EACtF,EAAE,IAAI,EAAE,aAAa,EAAE,GAAG,EAAE,wDAAwD,EAAE,EACtF,EAAE,IAAI,EAAE,aAAa,EAAE,GAAG,EAAE,wDAAwD,EAAE,EACtF,EAAE,IAAI,EAAE,aAAa,EAAE,GAAG,EAAE,wDAAwD,EAAE,EACtF,EAAE,IAAI,EAAE,aAAa,EAAE,GAAG,EAAE,wDAAwD,EAAE,EACtF,EAAE,IAAI,EAAE,aAAa,EAAE,GAAG,EAAE,wDAAwD,EAAE,EACtF,EAAE,IAAI,EAAE,aAAa,EAAE,GAAG,EAAE,wDAAwD,EAAE,EACtF,EAAE,IAAI,EAAE,aAAa,EAAE,GAAG,EAAE,wDAAwD,EAAE,EACtF,EAAE,IAAI,EAAE,aAAa,EAAE,GAAG,EAAE,wDAAwD,EAAE,EACtF,EAAE,IAAI,EAAE,SAAS,EAAE,GAAG,EAAE,qDAAqD,EAAE,EAC/E,EAAE,IAAI,EAAE,SAAS,EAAE,GAAG,EAAE,qDAAqD,EAAE,EAC/E,EAAE,IAAI,EAAE,SAAS,EAAE,GAAG,EAAE,qDAAqD,EAAE,EAC/E,EAAE,IAAI,EAAE,YAAY,EAAE,GAAG,EAAE,uDAAuD,EAAE,EACpF,EAAE,IAAI,EAAE,WAAW,EAAE,GAAG,EAAE,uDAAuD,EAAE,EACnF,EAAE,IAAI,EAAE,WAAW,EAAE,GAAG,EAAE,uDAAuD,EAAE,EACnF,EAAE,IAAI,EAAE,WAAW,EAAE,GAAG,EAAE,uDAAuD,EAAE,EACnF,EAAE,IAAI,EAAE,WAAW,EAAE,GAAG,EAAE,uDAAuD,EAAE,EACnF,EAAE,IAAI,EAAE,WAAW,EAAE,GAAG,EAAE,uDAAuD,EAAE,EACnF,EAAE,IAAI,EAAE,WAAW,EAAE,GAAG,EAAE,uDAAuD,EAAE,EACnF,EAAE,IAAI,EAAE,WAAW,EAAE,GAAG,EAAE,uDAAuD,EAAE,EACnF,EAAE,IAAI,EAAE,WAAW,EAAE,GAAG,EAAE,uDAAuD,EAAE,EACnF,EAAE,IAAI,EAAE,WAAW,EAAE,GAAG,EAAE,uDAAuD,EAAE,EACnF,EAAE,IAAI,EAAE,YAAY,EAAE,GAAG,EAAE,wDAAwD,EAAE,EACrF,EAAE,IAAI,EAAE,YAAY,EAAE,GAAG,EAAE,wDAAwD,EAAE,EACrF,EAAE,IAAI,EAAE,YAAY,EAAE,GAAG,EAAE,wDAAwD,EAAE,EACrF,EAAE,IAAI,EAAE,YAAY,EAAE,GAAG,EAAE,wDAAwD,EAAE,EACrF,EAAE,IAAI,EAAE,SAAS,EAAE,GAAG,EAAE,qDAAqD,EAAE,EAC/E,EAAE,IAAI,EAAE,SAAS,EAAE,GAAG,EAAE,qDAAqD,EAAE,EAC/E,EAAE,IAAI,EAAE,SAAS,EAAE,GAAG,EAAE,qDAAqD,EAAE,EAC/E,EAAE,IAAI,EAAE,SAAS,EAAE,GAAG,EAAE,qDAAqD,EAAE,EAC/E,EAAE,IAAI,EAAE,SAAS,EAAE,GAAG,EAAE,qDAAqD,EAAE,EAC/E,EAAE,IAAI,EAAE,WAAW,EAAE,GAAG,EAAE,sDAAsD,EAAE,EAClF,EAAE,IAAI,EAAE,WAAW,EAAE,GAAG,EAAE,sDAAsD,EAAE,EAClF,EAAE,IAAI,EAAE,WAAW,EAAE,GAAG,EAAE,sDAAsD,EAAE,EAClF,EAAE,IAAI,EAAE,WAAW,EAAE,GAAG,EAAE,sDAAsD,EAAE,EAClF,EAAE,IAAI,EAAE,WAAW,EAAE,GAAG,EAAE,sDAAsD,EAAE,EAClF,EAAE,IAAI,EAAE,WAAW,EAAE,GAAG,EAAE,sDAAsD,EAAE,EAClF,EAAE,IAAI,EAAE,WAAW,EAAE,GAAG,EAAE,sDAAsD,EAAE,EAClF,EAAE,IAAI,EAAE,WAAW,EAAE,GAAG,EAAE,sDAAsD,EAAE,EAClF,EAAE,IAAI,EAAE,UAAU,EAAE,GAAG,EAAE,qDAAqD,EAAE,EAChF,EAAE,IAAI,EAAE,UAAU,EAAE,GAAG,EAAE,qDAAqD,EAAE,EAChF,EAAE,IAAI,EAAE,UAAU,EAAE,GAAG,EAAE,qDAAqD,EAAE,EAChF,EAAE,IAAI,EAAE,UAAU,EAAE,GAAG,EAAE,qDAAqD,EAAE,EAChF,EAAE,IAAI,EAAE,UAAU,EAAE,GAAG,EAAE,qDAAqD,EAAE,EAChF,EAAE,IAAI,EAAE,UAAU,EAAE,GAAG,EAAE,oDAAoD,EAAE,EAC/E,EAAE,IAAI,EAAE,UAAU,EAAE,GAAG,EAAE,oDAAoD,EAAE,EAC/E,EAAE,IAAI,EAAE,QAAQ,EAAE,GAAG,EAAE,mDAAmD,EAAE,EAC5E,EAAE,IAAI,EAAE,cAAc,EAAE,GAAG,EAAE,0DAA0D,EAAE,EACzF,EAAE,IAAI,EAAE,cAAc,EAAE,GAAG,EAAE,0DAA0D,EAAE,EACzF,EAAE,IAAI,EAAE,cAAc,EAAE,GAAG,EAAE,0DAA0D,EAAE,EACzF,EAAE,IAAI,EAAE,cAAc,EAAE,GAAG,EAAE,0DAA0D,EAAE,EACzF,EAAE,IAAI,EAAE,cAAc,EAAE,GAAG,EAAE,0DAA0D,EAAE,EACzF,EAAE,IAAI,EAAE,cAAc,EAAE,GAAG,EAAE,0DAA0D,EAAE,EACzF,EAAE,IAAI,EAAE,cAAc,EAAE,GAAG,EAAE,0DAA0D,EAAE,EACzF,EAAE,IAAI,EAAE,cAAc,EAAE,GAAG,EAAE,0DAA0D,EAAE,EACzF,EAAE,IAAI,EAAE,cAAc,EAAE,GAAG,EAAE,0DAA0D,EAAE,EACzF,EAAE,IAAI,EAAE,eAAe,EAAE,GAAG,EAAE,2DAA2D,EAAE,EAC3F,EAAE,IAAI,EAAE,eAAe,EAAE,GAAG,EAAE,2DAA2D,EAAE,EAC3F,EAAE,IAAI,EAAE,eAAe,EAAE,GAAG,EAAE,2DAA2D,EAAE,EAC3F,EAAE,IAAI,EAAE,eAAe,EAAE,GAAG,EAAE,2DAA2D,EAAE,EAC3F,EAAE,IAAI,EAAE,eAAe,EAAE,GAAG,EAAE,2DAA2D,EAAE,EAC3F,EAAE,IAAI,EAAE,eAAe,EAAE,GAAG,EAAE,2DAA2D,EAAE,EAC3F,EAAE,IAAI,EAAE,eAAe,EAAE,GAAG,EAAE,2DAA2D,EAAE,EAC3F,EAAE,IAAI,EAAE,eAAe,EAAE,GAAG,EAAE,2DAA2D,EAAE,EAC3F,EAAE,IAAI,EAAE,eAAe,EAAE,GAAG,EAAE,2DAA2D,EAAE,EAC3F,EAAE,IAAI,EAAE,eAAe,EAAE,GAAG,EAAE,2DAA2D,EAAE,EAC3F,EAAE,IAAI,EAAE,eAAe,EAAE,GAAG,EAAE,2DAA2D,EAAE,EAC3F,EAAE,IAAI,EAAE,eAAe,EAAE,GAAG,EAAE,2DAA2D,EAAE,EAC3F,EAAE,IAAI,EAAE,eAAe,EAAE,GAAG,EAAE,2DAA2D,EAAE,EAC3F,EAAE,IAAI,EAAE,WAAW,EAAE,GAAG,EAAE,uDAAuD,EAAE,EACnF,EAAE,IAAI,EAAE,WAAW,EAAE,GAAG,EAAE,uDAAuD,EAAE,EACnF,EAAE,IAAI,EAAE,WAAW,EAAE,GAAG,EAAE,uDAAuD,EAAE,EACnF,EAAE,IAAI,EAAE,WAAW,EAAE,GAAG,EAAE,uDAAuD,EAAE,EACnF,EAAE,IAAI,EAAE,WAAW,EAAE,GAAG,EAAE,uDAAuD,EAAE,EACnF,EAAE,IAAI,EAAE,WAAW,EAAE,GAAG,EAAE,uDAAuD,EAAE,EACnF,EAAE,IAAI,EAAE,WAAW,EAAE,GAAG,EAAE,uDAAuD,EAAE,EACnF,EAAE,IAAI,EAAE,WAAW,EAAE,GAAG,EAAE,uDAAuD,EAAE,EACnF,EAAE,IAAI,EAAE,WAAW,EAAE,GAAG,EAAE,uDAAuD,EAAE,EACnF,EAAE,IAAI,EAAE,YAAY,EAAE,GAAG,EAAE,wDAAwD,EAAE,EACrF,EAAE,IAAI,EAAE,YAAY,EAAE,GAAG,EAAE,wDAAwD,EAAE,EACrF,EAAE,IAAI,EAAE,YAAY,EAAE,GAAG,EAAE,wDAAwD,EAAE,EACrF,EAAE,IAAI,EAAE,YAAY,EAAE,GAAG,EAAE,wDAAwD,EAAE,EACrF,EAAE,IAAI,EAAE,YAAY,EAAE,GAAG,EAAE,wDAAwD,EAAE,EACrF,EAAE,IAAI,EAAE,YAAY,EAAE,GAAG,EAAE,wDAAwD,EAAE,EACrF,EAAE,IAAI,EAAE,YAAY,EAAE,GAAG,EAAE,wDAAwD,EAAE,EACrF,EAAE,IAAI,EAAE,YAAY,EAAE,GAAG,EAAE,wDAAwD,EAAE,EACrF,EAAE,IAAI,EAAE,YAAY,EAAE,GAAG,EAAE,wDAAwD,EAAE,EACrF,EAAE,IAAI,EAAE,YAAY,EAAE,GAAG,EAAE,wDAAwD,EAAE,EACrF,EAAE,IAAI,EAAE,YAAY,EAAE,GAAG,EAAE,wDAAwD,EAAE,EACrF,EAAE,IAAI,EAAE,YAAY,EAAE,GAAG,EAAE,wDAAwD,EAAE,EACrF,EAAE,IAAI,EAAE,YAAY,EAAE,GAAG,EAAE,wDAAwD,EAAE,EACrF,EAAE,IAAI,EAAE,YAAY,EAAE,GAAG,EAAE,wDAAwD,EAAE,EACrF,EAAE,IAAI,EAAE,YAAY,EAAE,GAAG,EAAE,wDAAwD,EAAE,EACrF,EAAE,IAAI,EAAE,YAAY,EAAE,GAAG,EAAE,wDAAwD,EAAE,EACrF,EAAE,IAAI,EAAE,YAAY,EAAE,GAAG,EAAE,wDAAwD,EAAE,EACrF,EAAE,IAAI,EAAE,YAAY,EAAE,GAAG,EAAE,wDAAwD,EAAE,EACrF,EAAE,IAAI,EAAE,YAAY,EAAE,GAAG,EAAE,wDAAwD,EAAE,EACrF,EAAE,IAAI,EAAE,QAAQ,EAAE,GAAG,EAAE,oDAAoD,EAAE,EAC7E,EAAE,IAAI,EAAE,QAAQ,EAAE,GAAG,EAAE,oDAAoD,EAAE,EAC7E,EAAE,IAAI,EAAE,QAAQ,EAAE,GAAG,EAAE,oDAAoD,EAAE,EAC7E,EAAE,IAAI,EAAE,QAAQ,EAAE,GAAG,EAAE,oDAAoD,EAAE,EAC7E,EAAE,IAAI,EAAE,QAAQ,EAAE,GAAG,EAAE,oDAAoD,EAAE,EAC7E,EAAE,IAAI,EAAE,QAAQ,EAAE,GAAG,EAAE,oDAAoD,EAAE,EAC7E,EAAE,IAAI,EAAE,QAAQ,EAAE,GAAG,EAAE,oDAAoD,EAAE,EAC7E,EAAE,IAAI,EAAE,QAAQ,EAAE,GAAG,EAAE,oDAAoD,EAAE,EAC7E,EAAE,IAAI,EAAE,QAAQ,EAAE,GAAG,EAAE,oDAAoD,EAAE,EAC7E,EAAE,IAAI,EAAE,SAAS,EAAE,GAAG,EAAE,qDAAqD,EAAE,EAC/E,EAAE,IAAI,EAAE,SAAS,EAAE,GAAG,EAAE,qDAAqD,EAAE,EAC/E,EAAE,IAAI,EAAE,SAAS,EAAE,GAAG,EAAE,qDAAqD,EAAE,EAC/E,EAAE,IAAI,EAAE,SAAS,EAAE,GAAG,EAAE,qDAAqD,EAAE,EAC/E,EAAE,IAAI,EAAE,SAAS,EAAE,GAAG,EAAE,qDAAqD,EAAE,EAC/E,EAAE,IAAI,EAAE,SAAS,EAAE,GAAG,EAAE,qDAAqD,EAAE,EAC/E,EAAE,IAAI,EAAE,SAAS,EAAE,GAAG,EAAE,qDAAqD,EAAE,EAC/E,EAAE,IAAI,EAAE,QAAQ,EAAE,GAAG,EAAE,oDAAoD,EAAE,EAC7E,EAAE,IAAI,EAAE,QAAQ,EAAE,GAAG,EAAE,oDAAoD,EAAE,EAC7E,EAAE,IAAI,EAAE,QAAQ,EAAE,GAAG,EAAE,oDAAoD,EAAE,EAC7E,EAAE,IAAI,EAAE,QAAQ,EAAE,GAAG,EAAE,oDAAoD,EAAE,EAC7E,EAAE,IAAI,EAAE,QAAQ,EAAE,GAAG,EAAE,oDAAoD,EAAE,EAC7E,EAAE,IAAI,EAAE,QAAQ,EAAE,GAAG,EAAE,oDAAoD,EAAE,EAC7E,EAAE,IAAI,EAAE,QAAQ,EAAE,GAAG,EAAE,oDAAoD,EAAE,EAC7E,EAAE,IAAI,EAAE,QAAQ,EAAE,GAAG,EAAE,oDAAoD,EAAE,EAC7E,EAAE,IAAI,EAAE,QAAQ,EAAE,GAAG,EAAE,oDAAoD,EAAE,EAC7E,EAAE,IAAI,EAAE,SAAS,EAAE,GAAG,EAAE,qDAAqD,EAAE,EAC/E,EAAE,IAAI,EAAE,SAAS,EAAE,GAAG,EAAE,qDAAqD,EAAE,EAC/E,EAAE,IAAI,EAAE,SAAS,EAAE,GAAG,EAAE,qDAAqD,EAAE,EAC/E,EAAE,IAAI,EAAE,SAAS,EAAE,GAAG,EAAE,qDAAqD,EAAE,EAC/E,EAAE,IAAI,EAAE,SAAS,EAAE,GAAG,EAAE,qDAAqD,EAAE,EAC/E,EAAE,IAAI,EAAE,SAAS,EAAE,GAAG,EAAE,qDAAqD,EAAE,EAC/E,EAAE,IAAI,EAAE,SAAS,EAAE,GAAG,EAAE,qDAAqD,EAAE,EAC/E,EAAE,IAAI,EAAE,SAAS,EAAE,GAAG,EAAE,qDAAqD,EAAE,EAC/E,EAAE,IAAI,EAAE,SAAS,EAAE,GAAG,EAAE,qDAAqD,EAAE,EAC/E,EAAE,IAAI,EAAE,SAAS,EAAE,GAAG,EAAE,qDAAqD,EAAE,EAC/E,EAAE,IAAI,EAAE,SAAS,EAAE,GAAG,EAAE,qDAAqD,EAAE,EAC/E,EAAE,IAAI,EAAE,SAAS,EAAE,GAAG,EAAE,qDAAqD,EAAE,EAC/E,EAAE,IAAI,EAAE,SAAS,EAAE,GAAG,EAAE,qDAAqD,EAAE,EAC/E,EAAE,IAAI,EAAE,SAAS,EAAE,GAAG,EAAE,qDAAqD,EAAE,EAC/E,EAAE,IAAI,EAAE,SAAS,EAAE,GAAG,EAAE,qDAAqD,EAAE,EAC/E,EAAE,IAAI,EAAE,QAAQ,EAAE,GAAG,EAAE,oDAAoD,EAAE,EAC7E,EAAE,IAAI,EAAE,QAAQ,EAAE,GAAG,EAAE,oDAAoD,EAAE,EAC7E,EAAE,IAAI,EAAE,QAAQ,EAAE,GAAG,EAAE,oDAAoD,EAAE,EAC7E,EAAE,IAAI,EAAE,QAAQ,EAAE,GAAG,EAAE,oDAAoD,EAAE,EAC7E,EAAE,IAAI,EAAE,QAAQ,EAAE,GAAG,EAAE,oDAAoD,EAAE,EAC7E,EAAE,IAAI,EAAE,QAAQ,EAAE,GAAG,EAAE,oDAAoD,EAAE,EAC7E,EAAE,IAAI,EAAE,QAAQ,EAAE,GAAG,EAAE,oDAAoD,EAAE,EAC7E,EAAE,IAAI,EAAE,QAAQ,EAAE,GAAG,EAAE,oDAAoD,EAAE,EAC7E,EAAE,IAAI,EAAE,QAAQ,EAAE,GAAG,EAAE,oDAAoD,EAAE,EAC7E,EAAE,IAAI,EAAE,SAAS,EAAE,GAAG,EAAE,qDAAqD,EAAE,EAC/E,EAAE,IAAI,EAAE,SAAS,EAAE,GAAG,EAAE,qDAAqD,EAAE,EAC/E,EAAE,IAAI,EAAE,SAAS,EAAE,GAAG,EAAE,qDAAqD,EAAE,EAC/E,EAAE,IAAI,EAAE,SAAS,EAAE,GAAG,EAAE,qDAAqD,EAAE,EAC/E,EAAE,IAAI,EAAE,SAAS,EAAE,GAAG,EAAE,qDAAqD,EAAE,EAC/E,EAAE,IAAI,EAAE,SAAS,EAAE,GAAG,EAAE,qDAAqD,EAAE,EAC/E,EAAE,IAAI,EAAE,SAAS,EAAE,GAAG,EAAE,qDAAqD,EAAE,EAC/E,EAAE,IAAI,EAAE,SAAS,EAAE,GAAG,EAAE,qDAAqD,EAAE,EAC/E,EAAE,IAAI,EAAE,SAAS,EAAE,GAAG,EAAE,qDAAqD,EAAE,EAC/E,EAAE,IAAI,EAAE,SAAS,EAAE,GAAG,EAAE,qDAAqD,EAAE,EAC/E,EAAE,IAAI,EAAE,SAAS,EAAE,GAAG,EAAE,qDAAqD,EAAE,EAC/E,EAAE,IAAI,EAAE,SAAS,EAAE,GAAG,EAAE,qDAAqD,EAAE,EAC/E,EAAE,IAAI,EAAE,QAAQ,EAAE,GAAG,EAAE,oDAAoD,EAAE,EAC7E,EAAE,IAAI,EAAE,QAAQ,EAAE,GAAG,EAAE,oDAAoD,EAAE,EAC7E,EAAE,IAAI,EAAE,QAAQ,EAAE,GAAG,EAAE,oDAAoD,EAAE,EAC7E,EAAE,IAAI,EAAE,QAAQ,EAAE,GAAG,EAAE,oDAAoD,EAAE,EAC7E,EAAE,IAAI,EAAE,QAAQ,EAAE,GAAG,EAAE,oDAAoD,EAAE,EAC7E,EAAE,IAAI,EAAE,QAAQ,EAAE,GAAG,EAAE,oDAAoD,EAAE,EAC7E,EAAE,IAAI,EAAE,QAAQ,EAAE,GAAG,EAAE,oDAAoD,EAAE,EAC7E,EAAE,IAAI,EAAE,QAAQ,EAAE,GAAG,EAAE,oDAAoD,EAAE,EAC7E,EAAE,IAAI,EAAE,QAAQ,EAAE,GAAG,EAAE,oDAAoD,EAAE,EAC7E,EAAE,IAAI,EAAE,SAAS,EAAE,GAAG,EAAE,qDAAqD,EAAE,EAC/E,EAAE,IAAI,EAAE,SAAS,EAAE,GAAG,EAAE,qDAAqD,EAAE,EAC/E,EAAE,IAAI,EAAE,SAAS,EAAE,GAAG,EAAE,qDAAqD,EAAE,EAC/E,EAAE,IAAI,EAAE,SAAS,EAAE,GAAG,EAAE,qDAAqD,EAAE,EAC/E,EAAE,IAAI,EAAE,SAAS,EAAE,GAAG,EAAE,qDAAqD,EAAE,EAC/E,EAAE,IAAI,EAAE,SAAS,EAAE,GAAG,EAAE,qDAAqD,EAAE,EAC/E,EAAE,IAAI,EAAE,SAAS,EAAE,GAAG,EAAE,qDAAqD,EAAE,EAC/E,EAAE,IAAI,EAAE,SAAS,EAAE,GAAG,EAAE,qDAAqD,EAAE,CAC9E,CAAC","file":"/DataEnglishNew.js.map","sourcesContent":["// this file contains the data\nvar Day_English_New = [ { name: \"\", url: \"\" },\n        { name: \"Matthew 1\", url: \"http://online.recoveryversion.org/txo/40_Matthew1.htm\" },\n        { name: \"Matthew 2\", url: \"http://online.recoveryversion.org/txo/40_Matthew2.htm\" },\n        { name: \"Matthew 3\", url: \"http://online.recoveryversion.org/txo/40_Matthew3.htm\" },\n        { name: \"Matthew 4\", url: \"http://online.recoveryversion.org/txo/40_Matthew4.htm\" },\n        { name: \"Matthew 5\", url: \"http://online.recoveryversion.org/txo/40_Matthew5.htm\" },\n        { name: \"Matthew 6\", url: \"http://online.recoveryversion.org/txo/40_Matthew6.htm\" },\n        { name: \"Matthew 7\", url: \"http://online.recoveryversion.org/txo/40_Matthew7.htm\" },\n        { name: \"Matthew 8\", url: \"http://online.recoveryversion.org/txo/40_Matthew8.htm\" },\n        { name: \"Matthew 9\", url: \"http://online.recoveryversion.org/txo/40_Matthew9.htm\" },\n        { name: \"Matthew 10\", url: \"http://online.recoveryversion.org/txo/40_Matthew10.htm\" },\n        { name: \"Matthew 11\", url: \"http://online.recoveryversion.org/txo/40_Matthew11.htm\" },\n        { name: \"Matthew 12\", url: \"http://online.recoveryversion.org/txo/40_Matthew12.htm\" },\n        { name: \"Matthew 13\", url: \"http://online.recoveryversion.org/txo/40_Matthew13.htm\" },\n        { name: \"Matthew 14\", url: \"http://online.recoveryversion.org/txo/40_Matthew14.htm\" },\n        { name: \"Matthew 15\", url: \"http://online.recoveryversion.org/txo/40_Matthew15.htm\" },\n        { name: \"Matthew 16\", url: \"http://online.recoveryversion.org/txo/40_Matthew16.htm\" },\n        { name: \"Matthew 17\", url: \"http://online.recoveryversion.org/txo/40_Matthew17.htm\" },\n        { name: \"Matthew 18\", url: \"http://online.recoveryversion.org/txo/40_Matthew18.htm\" },\n        { name: \"Matthew 19\", url: \"http://online.recoveryversion.org/txo/40_Matthew19.htm\" },\n        { name: \"Matthew 20\", url: \"http://online.recoveryversion.org/txo/40_Matthew20.htm\" },\n        { name: \"Matthew 21\", url: \"http://online.recoveryversion.org/txo/40_Matthew21.htm\" },\n        { name: \"Matthew 22\", url: \"http://online.recoveryversion.org/txo/40_Matthew22.htm\" },\n        { name: \"Matthew 23\", url: \"http://online.recoveryversion.org/txo/40_Matthew23.htm\" },\n        { name: \"Matthew 24\", url: \"http://online.recoveryversion.org/txo/40_Matthew24.htm\" },\n        { name: \"Matthew 25\", url: \"http://online.recoveryversion.org/txo/40_Matthew25.htm\" },\n        { name: \"Matthew 26\", url: \"http://online.recoveryversion.org/txo/40_Matthew26.htm\" },\n        { name: \"Matthew 27\", url: \"http://online.recoveryversion.org/txo/40_Matthew27.htm\" },\n        { name: \"Matthew 28\", url: \"http://online.recoveryversion.org/txo/40_Matthew28.htm\" },\n        { name: \"Mark 1\", url: \"http://online.recoveryversion.org/txo/41_Mark1.htm\" },\n        { name: \"Mark 2\", url: \"http://online.recoveryversion.org/txo/41_Mark2.htm\" },\n        { name: \"Mark 3\", url: \"http://online.recoveryversion.org/txo/41_Mark3.htm\" },\n        { name: \"Mark 4\", url: \"http://online.recoveryversion.org/txo/41_Mark4.htm\" },\n        { name: \"Mark 5\", url: \"http://online.recoveryversion.org/txo/41_Mark5.htm\" },\n        { name: \"Mark 6\", url: \"http://online.recoveryversion.org/txo/41_Mark6.htm\" },\n        { name: \"Mark 7\", url: \"http://online.recoveryversion.org/txo/41_Mark7.htm\" },\n        { name: \"Mark 8\", url: \"http://online.recoveryversion.org/txo/41_Mark8.htm\" },\n        { name: \"Mark 9\", url: \"http://online.recoveryversion.org/txo/41_Mark9.htm\" },\n        { name: \"Mark 10\", url: \"http://online.recoveryversion.org/txo/41_Mark10.htm\" },\n        { name: \"Mark 11\", url: \"http://online.recoveryversion.org/txo/41_Mark11.htm\" },\n        { name: \"Mark 12\", url: \"http://online.recoveryversion.org/txo/41_Mark12.htm\" },\n        { name: \"Mark 13\", url: \"http://online.recoveryversion.org/txo/41_Mark13.htm\" },\n        { name: \"Mark 14\", url: \"http://online.recoveryversion.org/txo/41_Mark14.htm\" },\n        { name: \"Mark 15\", url: \"http://online.recoveryversion.org/txo/41_Mark15.htm\" },\n        { name: \"Mark 16\", url: \"http://online.recoveryversion.org/txo/41_Mark16.htm\" },\n        { name: \"Luke 1\", url: \"http://online.recoveryversion.org/txo/42_Luke1.htm\" },\n        { name: \"Luke 2\", url: \"http://online.recoveryversion.org/txo/42_Luke2.htm\" },\n        { name: \"Luke 3\", url: \"http://online.recoveryversion.org/txo/42_Luke3.htm\" },\n        { name: \"Luke 4\", url: \"http://online.recoveryversion.org/txo/42_Luke4.htm\" },\n        { name: \"Luke 5\", url: \"http://online.recoveryversion.org/txo/42_Luke5.htm\" },\n        { name: \"Luke 6\", url: \"http://online.recoveryversion.org/txo/42_Luke6.htm\" },\n        { name: \"Luke 7\", url: \"http://online.recoveryversion.org/txo/42_Luke7.htm\" },\n        { name: \"Luke 8\", url: \"http://online.recoveryversion.org/txo/42_Luke8.htm\" },\n        { name: \"Luke 9\", url: \"http://online.recoveryversion.org/txo/42_Luke9.htm\" },\n        { name: \"Luke 10\", url: \"http://online.recoveryversion.org/txo/42_Luke10.htm\" },\n        { name: \"Luke 11\", url: \"http://online.recoveryversion.org/txo/42_Luke11.htm\" },\n        { name: \"Luke 12\", url: \"http://online.recoveryversion.org/txo/42_Luke12.htm\" },\n        { name: \"Luke 13\", url: \"http://online.recoveryversion.org/txo/42_Luke13.htm\" },\n        { name: \"Luke 14\", url: \"http://online.recoveryversion.org/txo/42_Luke14.htm\" },\n        { name: \"Luke 15\", url: \"http://online.recoveryversion.org/txo/42_Luke15.htm\" },\n        { name: \"Luke 16\", url: \"http://online.recoveryversion.org/txo/42_Luke16.htm\" },\n        { name: \"Luke 17\", url: \"http://online.recoveryversion.org/txo/42_Luke17.htm\" },\n        { name: \"Luke 18\", url: \"http://online.recoveryversion.org/txo/42_Luke18.htm\" },\n        { name: \"Luke 19\", url: \"http://online.recoveryversion.org/txo/42_Luke19.htm\" },\n        { name: \"Luke 20\", url: \"http://online.recoveryversion.org/txo/42_Luke20.htm\" },\n        { name: \"Luke 21\", url: \"http://online.recoveryversion.org/txo/42_Luke21.htm\" },\n        { name: \"Luke 22\", url: \"http://online.recoveryversion.org/txo/42_Luke22.htm\" },\n        { name: \"Luke 23\", url: \"http://online.recoveryversion.org/txo/42_Luke23.htm\" },\n        { name: \"Luke 24\", url: \"http://online.recoveryversion.org/txo/42_Luke24.htm\" },\n        { name: \"John 1\", url: \"http://online.recoveryversion.org/txo/43_John1.htm\" },\n        { name: \"John 2\", url: \"http://online.recoveryversion.org/txo/43_John2.htm\" },\n        { name: \"John 3\", url: \"http://online.recoveryversion.org/txo/43_John3.htm\" },\n        { name: \"John 4\", url: \"http://online.recoveryversion.org/txo/43_John4.htm\" },\n        { name: \"John 5\", url: \"http://online.recoveryversion.org/txo/43_John5.htm\" },\n        { name: \"John 6\", url: \"http://online.recoveryversion.org/txo/43_John6.htm\" },\n        { name: \"John 7\", url: \"http://online.recoveryversion.org/txo/43_John7.htm\" },\n        { name: \"John 8\", url: \"http://online.recoveryversion.org/txo/43_John8.htm\" },\n        { name: \"John 9\", url: \"http://online.recoveryversion.org/txo/43_John9.htm\" },\n        { name: \"John 10\", url: \"http://online.recoveryversion.org/txo/43_John10.htm\" },\n        { name: \"John 11\", url: \"http://online.recoveryversion.org/txo/43_John11.htm\" },\n        { name: \"John 12\", url: \"http://online.recoveryversion.org/txo/43_John12.htm\" },\n        { name: \"John 13\", url: \"http://online.recoveryversion.org/txo/43_John13.htm\" },\n        { name: \"John 14\", url: \"http://online.recoveryversion.org/txo/43_John14.htm\" },\n        { name: \"John 15\", url: \"http://online.recoveryversion.org/txo/43_John15.htm\" },\n        { name: \"John 16\", url: \"http://online.recoveryversion.org/txo/43_John16.htm\" },\n        { name: \"John 17\", url: \"http://online.recoveryversion.org/txo/43_John17.htm\" },\n        { name: \"John 18\", url: \"http://online.recoveryversion.org/txo/43_John18.htm\" },\n        { name: \"John 19\", url: \"http://online.recoveryversion.org/txo/43_John19.htm\" },\n        { name: \"John 20\", url: \"http://online.recoveryversion.org/txo/43_John20.htm\" },\n        { name: \"John 21\", url: \"http://online.recoveryversion.org/txo/43_John21.htm\" },\n        { name: \"Acts 1\", url: \"http://online.recoveryversion.org/txo/44_Acts1.htm\" },\n        { name: \"Acts 2\", url: \"http://online.recoveryversion.org/txo/44_Acts2.htm\" },\n        { name: \"Acts 3\", url: \"http://online.recoveryversion.org/txo/44_Acts3.htm\" },\n        { name: \"Acts 4\", url: \"http://online.recoveryversion.org/txo/44_Acts4.htm\" },\n        { name: \"Acts 5\", url: \"http://online.recoveryversion.org/txo/44_Acts5.htm\" },\n        { name: \"Acts 6\", url: \"http://online.recoveryversion.org/txo/44_Acts6.htm\" },\n        { name: \"Acts 7\", url: \"http://online.recoveryversion.org/txo/44_Acts7.htm\" },\n        { name: \"Acts 8\", url: \"http://online.recoveryversion.org/txo/44_Acts8.htm\" },\n        { name: \"Acts 9\", url: \"http://online.recoveryversion.org/txo/44_Acts9.htm\" },\n        { name: \"Acts 10\", url: \"http://online.recoveryversion.org/txo/44_Acts10.htm\" },\n        { name: \"Acts 11\", url: \"http://online.recoveryversion.org/txo/44_Acts11.htm\" },\n        { name: \"Acts 12\", url: \"http://online.recoveryversion.org/txo/44_Acts12.htm\" },\n        { name: \"Acts 13\", url: \"http://online.recoveryversion.org/txo/44_Acts13.htm\" },\n        { name: \"Acts 14\", url: \"http://online.recoveryversion.org/txo/44_Acts14.htm\" },\n        { name: \"Acts 15\", url: \"http://online.recoveryversion.org/txo/44_Acts15.htm\" },\n        { name: \"Acts 16\", url: \"http://online.recoveryversion.org/txo/44_Acts16.htm\" },\n        { name: \"Acts 17\", url: \"http://online.recoveryversion.org/txo/44_Acts17.htm\" },\n        { name: \"Acts 18\", url: \"http://online.recoveryversion.org/txo/44_Acts18.htm\" },\n        { name: \"Acts 19\", url: \"http://online.recoveryversion.org/txo/44_Acts19.htm\" },\n        { name: \"Acts 20\", url: \"http://online.recoveryversion.org/txo/44_Acts20.htm\" },\n        { name: \"Acts 21\", url: \"http://online.recoveryversion.org/txo/44_Acts21.htm\" },\n        { name: \"Acts 22\", url: \"http://online.recoveryversion.org/txo/44_Acts22.htm\" },\n        { name: \"Acts 23\", url: \"http://online.recoveryversion.org/txo/44_Acts23.htm\" },\n        { name: \"Acts 24\", url: \"http://online.recoveryversion.org/txo/44_Acts24.htm\" },\n        { name: \"Acts 25\", url: \"http://online.recoveryversion.org/txo/44_Acts25.htm\" },\n        { name: \"Acts 26\", url: \"http://online.recoveryversion.org/txo/44_Acts26.htm\" },\n        { name: \"Acts 27\", url: \"http://online.recoveryversion.org/txo/44_Acts27.htm\" },\n        { name: \"Acts 28\", url: \"http://online.recoveryversion.org/txo/44_Acts28.htm\" },\n        { name: \"Romans 1\", url: \"http://online.recoveryversion.org/txo/45_Romans1.htm\" },\n        { name: \"Romans 2\", url: \"http://online.recoveryversion.org/txo/45_Romans2.htm\" },\n        { name: \"Romans 3\", url: \"http://online.recoveryversion.org/txo/45_Romans3.htm\" },\n        { name: \"Romans 4\", url: \"http://online.recoveryversion.org/txo/45_Romans4.htm\" },\n        { name: \"Romans 5\", url: \"http://online.recoveryversion.org/txo/45_Romans5.htm\" },\n        { name: \"Romans 6\", url: \"http://online.recoveryversion.org/txo/45_Romans6.htm\" },\n        { name: \"Romans 7\", url: \"http://online.recoveryversion.org/txo/45_Romans7.htm\" },\n        { name: \"Romans 8\", url: \"http://online.recoveryversion.org/txo/45_Romans8.htm\" },\n        { name: \"Romans 9\", url: \"http://online.recoveryversion.org/txo/45_Romans9.htm\" },\n        { name: \"Romans 10\", url: \"http://online.recoveryversion.org/txo/45_Romans10.htm\" },\n        { name: \"Romans 11\", url: \"http://online.recoveryversion.org/txo/45_Romans11.htm\" },\n        { name: \"Romans 12\", url: \"http://online.recoveryversion.org/txo/45_Romans12.htm\" },\n        { name: \"Romans 13\", url: \"http://online.recoveryversion.org/txo/45_Romans13.htm\" },\n        { name: \"Romans 14\", url: \"http://online.recoveryversion.org/txo/45_Romans14.htm\" },\n        { name: \"Romans 15\", url: \"http://online.recoveryversion.org/txo/45_Romans15.htm\" },\n        { name: \"Romans 16\", url: \"http://online.recoveryversion.org/txo/45_Romans16.htm\" },\n        { name: \"1 Corinthians 1\", url: \"http://online.recoveryversion.org/txo/46_1Corinthians1.htm\" },\n        { name: \"1 Corinthians 2\", url: \"http://online.recoveryversion.org/txo/46_1Corinthians2.htm\" },\n        { name: \"1 Corinthians 3\", url: \"http://online.recoveryversion.org/txo/46_1Corinthians3.htm\" },\n        { name: \"1 Corinthians 4\", url: \"http://online.recoveryversion.org/txo/46_1Corinthians4.htm\" },\n        { name: \"1 Corinthians 5\", url: \"http://online.recoveryversion.org/txo/46_1Corinthians5.htm\" },\n        { name: \"1 Corinthians 6\", url: \"http://online.recoveryversion.org/txo/46_1Corinthians6.htm\" },\n        { name: \"1 Corinthians 7\", url: \"http://online.recoveryversion.org/txo/46_1Corinthians7.htm\" },\n        { name: \"1 Corinthians 8\", url: \"http://online.recoveryversion.org/txo/46_1Corinthians8.htm\" },\n        { name: \"1 Corinthians 9\", url: \"http://online.recoveryversion.org/txo/46_1Corinthians9.htm\" },\n        { name: \"1 Corinthians 10\", url: \"http://online.recoveryversion.org/txo/46_1Corinthians10.htm\" },\n        { name: \"1 Corinthians 11\", url: \"http://online.recoveryversion.org/txo/46_1Corinthians11.htm\" },\n        { name: \"1 Corinthians 12\", url: \"http://online.recoveryversion.org/txo/46_1Corinthians12.htm\" },\n        { name: \"1 Corinthians 13\", url: \"http://online.recoveryversion.org/txo/46_1Corinthians13.htm\" },\n        { name: \"1 Corinthians 14\", url: \"http://online.recoveryversion.org/txo/46_1Corinthians14.htm\" },\n        { name: \"1 Corinthians 15\", url: \"http://online.recoveryversion.org/txo/46_1Corinthians15.htm\" },\n        { name: \"1 Corinthians 16\", url: \"http://online.recoveryversion.org/txo/46_1Corinthians16.htm\" },\n        { name: \"2 Corinthians 1\", url: \"http://online.recoveryversion.org/txo/47_2Corinthians1.htm\" },\n        { name: \"2 Corinthians 2\", url: \"http://online.recoveryversion.org/txo/47_2Corinthians2.htm\" },\n        { name: \"2 Corinthians 3\", url: \"http://online.recoveryversion.org/txo/47_2Corinthians3.htm\" },\n        { name: \"2 Corinthians 4\", url: \"http://online.recoveryversion.org/txo/47_2Corinthians4.htm\" },\n        { name: \"2 Corinthians 5\", url: \"http://online.recoveryversion.org/txo/47_2Corinthians5.htm\" },\n        { name: \"2 Corinthians 6\", url: \"http://online.recoveryversion.org/txo/47_2Corinthians6.htm\" },\n        { name: \"2 Corinthians 7\", url: \"http://online.recoveryversion.org/txo/47_2Corinthians7.htm\" },\n        { name: \"2 Corinthians 8\", url: \"http://online.recoveryversion.org/txo/47_2Corinthians8.htm\" },\n        { name: \"2 Corinthians 9\", url: \"http://online.recoveryversion.org/txo/47_2Corinthians9.htm\" },\n        { name: \"2 Corinthians 10\", url: \"http://online.recoveryversion.org/txo/47_2Corinthians10.htm\" },\n        { name: \"2 Corinthians 11\", url: \"http://online.recoveryversion.org/txo/47_2Corinthians11.htm\" },\n        { name: \"2 Corinthians 12\", url: \"http://online.recoveryversion.org/txo/47_2Corinthians12.htm\" },\n        { name: \"2 Corinthians 13\", url: \"http://online.recoveryversion.org/txo/47_2Corinthians13.htm\" },\n        { name: \"Galatians 1\", url: \"http://online.recoveryversion.org/txo/48_Galatians1.htm\" },\n        { name: \"Galatians 2\", url: \"http://online.recoveryversion.org/txo/48_Galatians2.htm\" },\n        { name: \"Galatians 3\", url: \"http://online.recoveryversion.org/txo/48_Galatians3.htm\" },\n        { name: \"Galatians 4\", url: \"http://online.recoveryversion.org/txo/48_Galatians4.htm\" },\n        { name: \"Galatians 5\", url: \"http://online.recoveryversion.org/txo/48_Galatians5.htm\" },\n        { name: \"Galatians 6\", url: \"http://online.recoveryversion.org/txo/48_Galatians6.htm\" },\n        { name: \"Ephesians 1\", url: \"http://online.recoveryversion.org/txo/49_Ephesians1.htm\" },\n        { name: \"Ephesians 2\", url: \"http://online.recoveryversion.org/txo/49_Ephesians2.htm\" },\n        { name: \"Ephesians 3\", url: \"http://online.recoveryversion.org/txo/49_Ephesians3.htm\" },\n        { name: \"Ephesians 4\", url: \"http://online.recoveryversion.org/txo/49_Ephesians4.htm\" },\n        { name: \"Ephesians 5\", url: \"http://online.recoveryversion.org/txo/49_Ephesians5.htm\" },\n        { name: \"Ephesians 6\", url: \"http://online.recoveryversion.org/txo/49_Ephesians6.htm\" },\n        { name: \"Philippians 1\", url: \"http://online.recoveryversion.org/txo/50_Philippians1.htm\" },\n        { name: \"Philippians 2\", url: \"http://online.recoveryversion.org/txo/50_Philippians2.htm\" },\n        { name: \"Philippians 3\", url: \"http://online.recoveryversion.org/txo/50_Philippians3.htm\" },\n        { name: \"Philippians 4\", url: \"http://online.recoveryversion.org/txo/50_Philippians4.htm\" },\n        { name: \"Colossians 1\", url: \"http://online.recoveryversion.org/txo/51_Colossians1.htm\" },\n        { name: \"Colossians 2\", url: \"http://online.recoveryversion.org/txo/51_Colossians2.htm\" },\n        { name: \"Colossians 3\", url: \"http://online.recoveryversion.org/txo/51_Colossians3.htm\" },\n        { name: \"Colossians 4\", url: \"http://online.recoveryversion.org/txo/51_Colossians4.htm\" },\n        { name: \"1 Thessalonians 1\", url: \"http://online.recoveryversion.org/txo/52_1Thessalonians1.htm\" },\n        { name: \"1 Thessalonians 2\", url: \"http://online.recoveryversion.org/txo/52_1Thessalonians2.htm\" },\n        { name: \"1 Thessalonians 3\", url: \"http://online.recoveryversion.org/txo/52_1Thessalonians3.htm\" },\n        { name: \"1 Thessalonians 4\", url: \"http://online.recoveryversion.org/txo/52_1Thessalonians4.htm\" },\n        { name: \"1 Thessalonians 5\", url: \"http://online.recoveryversion.org/txo/52_1Thessalonians5.htm\" },\n        { name: \"2 Thessalonians 1\", url: \"http://online.recoveryversion.org/txo/53_2Thessalonians1.htm\" },\n        { name: \"2 Thessalonians 2\", url: \"http://online.recoveryversion.org/txo/53_2Thessalonians2.htm\" },\n        { name: \"2 Thessalonians 3\", url: \"http://online.recoveryversion.org/txo/53_2Thessalonians3.htm\" },\n        { name: \"1 Timothy 1\", url: \"http://online.recoveryversion.org/txo/54_1Timothy1.htm\" },\n        { name: \"1 Timothy 2\", url: \"http://online.recoveryversion.org/txo/54_1Timothy2.htm\" },\n        { name: \"1 Timothy 3\", url: \"http://online.recoveryversion.org/txo/54_1Timothy3.htm\" },\n        { name: \"1 Timothy 4\", url: \"http://online.recoveryversion.org/txo/54_1Timothy4.htm\" },\n        { name: \"1 Timothy 5\", url: \"http://online.recoveryversion.org/txo/54_1Timothy5.htm\" },\n        { name: \"1 Timothy 6\", url: \"http://online.recoveryversion.org/txo/54_1Timothy6.htm\" },\n        { name: \"2 Timothy 1\", url: \"http://online.recoveryversion.org/txo/55_2Timothy1.htm\" },\n        { name: \"2 Timothy 2\", url: \"http://online.recoveryversion.org/txo/55_2Timothy2.htm\" },\n        { name: \"2 Timothy 3\", url: \"http://online.recoveryversion.org/txo/55_2Timothy3.htm\" },\n        { name: \"2 Timothy 4\", url: \"http://online.recoveryversion.org/txo/55_2Timothy4.htm\" },\n        { name: \"Titus 1\", url: \"http://online.recoveryversion.org/txo/56_Titus1.htm\" },\n        { name: \"Titus 2\", url: \"http://online.recoveryversion.org/txo/56_Titus2.htm\" },\n        { name: \"Titus 3\", url: \"http://online.recoveryversion.org/txo/56_Titus3.htm\" },\n        { name: \"Philemon 1\", url: \"http://online.recoveryversion.org/txo/57_Philemon.htm\" },\n        { name: \"Hebrews 1\", url: \"http://online.recoveryversion.org/txo/58_Hebrews1.htm\" },\n        { name: \"Hebrews 2\", url: \"http://online.recoveryversion.org/txo/58_Hebrews2.htm\" },\n        { name: \"Hebrews 3\", url: \"http://online.recoveryversion.org/txo/58_Hebrews3.htm\" },\n        { name: \"Hebrews 4\", url: \"http://online.recoveryversion.org/txo/58_Hebrews4.htm\" },\n        { name: \"Hebrews 5\", url: \"http://online.recoveryversion.org/txo/58_Hebrews5.htm\" },\n        { name: \"Hebrews 6\", url: \"http://online.recoveryversion.org/txo/58_Hebrews6.htm\" },\n        { name: \"Hebrews 7\", url: \"http://online.recoveryversion.org/txo/58_Hebrews7.htm\" },\n        { name: \"Hebrews 8\", url: \"http://online.recoveryversion.org/txo/58_Hebrews8.htm\" },\n        { name: \"Hebrews 9\", url: \"http://online.recoveryversion.org/txo/58_Hebrews9.htm\" },\n        { name: \"Hebrews 10\", url: \"http://online.recoveryversion.org/txo/58_Hebrews10.htm\" },\n        { name: \"Hebrews 11\", url: \"http://online.recoveryversion.org/txo/58_Hebrews11.htm\" },\n        { name: \"Hebrews 12\", url: \"http://online.recoveryversion.org/txo/58_Hebrews12.htm\" },\n        { name: \"Hebrews 13\", url: \"http://online.recoveryversion.org/txo/58_Hebrews13.htm\" },\n        { name: \"James 1\", url: \"http://online.recoveryversion.org/txo/59_James1.htm\" },\n        { name: \"James 2\", url: \"http://online.recoveryversion.org/txo/59_James2.htm\" },\n        { name: \"James 3\", url: \"http://online.recoveryversion.org/txo/59_James3.htm\" },\n        { name: \"James 4\", url: \"http://online.recoveryversion.org/txo/59_James4.htm\" },\n        { name: \"James 5\", url: \"http://online.recoveryversion.org/txo/59_James5.htm\" },\n        { name: \"1 Peter 1\", url: \"http://online.recoveryversion.org/txo/60_1Peter1.htm\" },\n        { name: \"1 Peter 2\", url: \"http://online.recoveryversion.org/txo/60_1Peter2.htm\" },\n        { name: \"1 Peter 3\", url: \"http://online.recoveryversion.org/txo/60_1Peter3.htm\" },\n        { name: \"1 Peter 4\", url: \"http://online.recoveryversion.org/txo/60_1Peter4.htm\" },\n        { name: \"1 Peter 5\", url: \"http://online.recoveryversion.org/txo/60_1Peter5.htm\" },\n        { name: \"2 Peter 1\", url: \"http://online.recoveryversion.org/txo/61_2Peter1.htm\" },\n        { name: \"2 Peter 2\", url: \"http://online.recoveryversion.org/txo/61_2Peter2.htm\" },\n        { name: \"2 Peter 3\", url: \"http://online.recoveryversion.org/txo/61_2Peter3.htm\" },\n        { name: \"1 John 1\", url: \"http://online.recoveryversion.org/txo/62_1John1.htm\" },\n        { name: \"1 John 2\", url: \"http://online.recoveryversion.org/txo/62_1John2.htm\" },\n        { name: \"1 John 3\", url: \"http://online.recoveryversion.org/txo/62_1John3.htm\" },\n        { name: \"1 John 4\", url: \"http://online.recoveryversion.org/txo/62_1John4.htm\" },\n        { name: \"1 John 5\", url: \"http://online.recoveryversion.org/txo/62_1John5.htm\" },\n        { name: \"2 John 1\", url: \"http://online.recoveryversion.org/txo/63_2John.htm\" },\n        { name: \"3 John 1\", url: \"http://online.recoveryversion.org/txo/64_3John.htm\" },\n        { name: \"Jude 1\", url: \"http://online.recoveryversion.org/txo/65_Jude.htm\" },\n        { name: \"Revelation 1\", url: \"http://online.recoveryversion.org/txo/66_Revelation1.htm\" },\n        { name: \"Revelation 2\", url: \"http://online.recoveryversion.org/txo/66_Revelation2.htm\" },\n        { name: \"Revelation 3\", url: \"http://online.recoveryversion.org/txo/66_Revelation3.htm\" },\n        { name: \"Revelation 4\", url: \"http://online.recoveryversion.org/txo/66_Revelation4.htm\" },\n        { name: \"Revelation 5\", url: \"http://online.recoveryversion.org/txo/66_Revelation5.htm\" },\n        { name: \"Revelation 6\", url: \"http://online.recoveryversion.org/txo/66_Revelation6.htm\" },\n        { name: \"Revelation 7\", url: \"http://online.recoveryversion.org/txo/66_Revelation7.htm\" },\n        { name: \"Revelation 8\", url: \"http://online.recoveryversion.org/txo/66_Revelation8.htm\" },\n        { name: \"Revelation 9\", url: \"http://online.recoveryversion.org/txo/66_Revelation9.htm\" },\n        { name: \"Revelation 10\", url: \"http://online.recoveryversion.org/txo/66_Revelation10.htm\" },\n        { name: \"Revelation 11\", url: \"http://online.recoveryversion.org/txo/66_Revelation11.htm\" },\n        { name: \"Revelation 12\", url: \"http://online.recoveryversion.org/txo/66_Revelation12.htm\" },\n        { name: \"Revelation 13\", url: \"http://online.recoveryversion.org/txo/66_Revelation13.htm\" },\n        { name: \"Revelation 14\", url: \"http://online.recoveryversion.org/txo/66_Revelation14.htm\" },\n        { name: \"Revelation 15\", url: \"http://online.recoveryversion.org/txo/66_Revelation15.htm\" },\n        { name: \"Revelation 16\", url: \"http://online.recoveryversion.org/txo/66_Revelation16.htm\" },\n        { name: \"Revelation 17\", url: \"http://online.recoveryversion.org/txo/66_Revelation17.htm\" },\n        { name: \"Revelation 18\", url: \"http://online.recoveryversion.org/txo/66_Revelation18.htm\" },\n        { name: \"Revelation 19\", url: \"http://online.recoveryversion.org/txo/66_Revelation19.htm\" },\n        { name: \"Revelation 20\", url: \"http://online.recoveryversion.org/txo/66_Revelation20.htm\" },\n        { name: \"Revelation 21\", url: \"http://online.recoveryversion.org/txo/66_Revelation21.htm\" },\n        { name: \"Revelation 22\", url: \"http://online.recoveryversion.org/txo/66_Revelation22.htm\" },\n        { name: \"Matthew 1\", url: \"http://online.recoveryversion.org/txo/40_Matthew1.htm\" },\n        { name: \"Matthew 2\", url: \"http://online.recoveryversion.org/txo/40_Matthew2.htm\" },\n        { name: \"Matthew 3\", url: \"http://online.recoveryversion.org/txo/40_Matthew3.htm\" },\n        { name: \"Matthew 4\", url: \"http://online.recoveryversion.org/txo/40_Matthew4.htm\" },\n        { name: \"Matthew 5\", url: \"http://online.recoveryversion.org/txo/40_Matthew5.htm\" },\n        { name: \"Matthew 6\", url: \"http://online.recoveryversion.org/txo/40_Matthew6.htm\" },\n        { name: \"Matthew 7\", url: \"http://online.recoveryversion.org/txo/40_Matthew7.htm\" },\n        { name: \"Matthew 8\", url: \"http://online.recoveryversion.org/txo/40_Matthew8.htm\" },\n        { name: \"Matthew 9\", url: \"http://online.recoveryversion.org/txo/40_Matthew9.htm\" },\n        { name: \"Matthew 10\", url: \"http://online.recoveryversion.org/txo/40_Matthew10.htm\" },\n        { name: \"Matthew 11\", url: \"http://online.recoveryversion.org/txo/40_Matthew11.htm\" },\n        { name: \"Matthew 12\", url: \"http://online.recoveryversion.org/txo/40_Matthew12.htm\" },\n        { name: \"Matthew 13\", url: \"http://online.recoveryversion.org/txo/40_Matthew13.htm\" },\n        { name: \"Matthew 14\", url: \"http://online.recoveryversion.org/txo/40_Matthew14.htm\" },\n        { name: \"Matthew 15\", url: \"http://online.recoveryversion.org/txo/40_Matthew15.htm\" },\n        { name: \"Matthew 16\", url: \"http://online.recoveryversion.org/txo/40_Matthew16.htm\" },\n        { name: \"Matthew 17\", url: \"http://online.recoveryversion.org/txo/40_Matthew17.htm\" },\n        { name: \"Matthew 18\", url: \"http://online.recoveryversion.org/txo/40_Matthew18.htm\" },\n        { name: \"Matthew 19\", url: \"http://online.recoveryversion.org/txo/40_Matthew19.htm\" },\n        { name: \"Matthew 20\", url: \"http://online.recoveryversion.org/txo/40_Matthew20.htm\" },\n        { name: \"Matthew 21\", url: \"http://online.recoveryversion.org/txo/40_Matthew21.htm\" },\n        { name: \"Matthew 22\", url: \"http://online.recoveryversion.org/txo/40_Matthew22.htm\" },\n        { name: \"Matthew 23\", url: \"http://online.recoveryversion.org/txo/40_Matthew23.htm\" },\n        { name: \"Matthew 24\", url: \"http://online.recoveryversion.org/txo/40_Matthew24.htm\" },\n        { name: \"Matthew 25\", url: \"http://online.recoveryversion.org/txo/40_Matthew25.htm\" },\n        { name: \"Matthew 26\", url: \"http://online.recoveryversion.org/txo/40_Matthew26.htm\" },\n        { name: \"Matthew 27\", url: \"http://online.recoveryversion.org/txo/40_Matthew27.htm\" },\n        { name: \"Matthew 28\", url: \"http://online.recoveryversion.org/txo/40_Matthew28.htm\" },\n        { name: \"Mark 1\", url: \"http://online.recoveryversion.org/txo/41_Mark1.htm\" },\n        { name: \"Mark 2\", url: \"http://online.recoveryversion.org/txo/41_Mark2.htm\" },\n        { name: \"Mark 3\", url: \"http://online.recoveryversion.org/txo/41_Mark3.htm\" },\n        { name: \"Mark 4\", url: \"http://online.recoveryversion.org/txo/41_Mark4.htm\" },\n        { name: \"Mark 5\", url: \"http://online.recoveryversion.org/txo/41_Mark5.htm\" },\n        { name: \"Mark 6\", url: \"http://online.recoveryversion.org/txo/41_Mark6.htm\" },\n        { name: \"Mark 7\", url: \"http://online.recoveryversion.org/txo/41_Mark7.htm\" },\n        { name: \"Mark 8\", url: \"http://online.recoveryversion.org/txo/41_Mark8.htm\" },\n        { name: \"Mark 9\", url: \"http://online.recoveryversion.org/txo/41_Mark9.htm\" },\n        { name: \"Mark 10\", url: \"http://online.recoveryversion.org/txo/41_Mark10.htm\" },\n        { name: \"Mark 11\", url: \"http://online.recoveryversion.org/txo/41_Mark11.htm\" },\n        { name: \"Mark 12\", url: \"http://online.recoveryversion.org/txo/41_Mark12.htm\" },\n        { name: \"Mark 13\", url: \"http://online.recoveryversion.org/txo/41_Mark13.htm\" },\n        { name: \"Mark 14\", url: \"http://online.recoveryversion.org/txo/41_Mark14.htm\" },\n        { name: \"Mark 15\", url: \"http://online.recoveryversion.org/txo/41_Mark15.htm\" },\n        { name: \"Mark 16\", url: \"http://online.recoveryversion.org/txo/41_Mark16.htm\" },\n        { name: \"Luke 1\", url: \"http://online.recoveryversion.org/txo/42_Luke1.htm\" },\n        { name: \"Luke 2\", url: \"http://online.recoveryversion.org/txo/42_Luke2.htm\" },\n        { name: \"Luke 3\", url: \"http://online.recoveryversion.org/txo/42_Luke3.htm\" },\n        { name: \"Luke 4\", url: \"http://online.recoveryversion.org/txo/42_Luke4.htm\" },\n        { name: \"Luke 5\", url: \"http://online.recoveryversion.org/txo/42_Luke5.htm\" },\n        { name: \"Luke 6\", url: \"http://online.recoveryversion.org/txo/42_Luke6.htm\" },\n        { name: \"Luke 7\", url: \"http://online.recoveryversion.org/txo/42_Luke7.htm\" },\n        { name: \"Luke 8\", url: \"http://online.recoveryversion.org/txo/42_Luke8.htm\" },\n        { name: \"Luke 9\", url: \"http://online.recoveryversion.org/txo/42_Luke9.htm\" },\n        { name: \"Luke 10\", url: \"http://online.recoveryversion.org/txo/42_Luke10.htm\" },\n        { name: \"Luke 11\", url: \"http://online.recoveryversion.org/txo/42_Luke11.htm\" },\n        { name: \"Luke 12\", url: \"http://online.recoveryversion.org/txo/42_Luke12.htm\" },\n        { name: \"Luke 13\", url: \"http://online.recoveryversion.org/txo/42_Luke13.htm\" },\n        { name: \"Luke 14\", url: \"http://online.recoveryversion.org/txo/42_Luke14.htm\" },\n        { name: \"Luke 15\", url: \"http://online.recoveryversion.org/txo/42_Luke15.htm\" },\n        { name: \"Luke 16\", url: \"http://online.recoveryversion.org/txo/42_Luke16.htm\" },\n        { name: \"Luke 17\", url: \"http://online.recoveryversion.org/txo/42_Luke17.htm\" },\n        { name: \"Luke 18\", url: \"http://online.recoveryversion.org/txo/42_Luke18.htm\" },\n        { name: \"Luke 19\", url: \"http://online.recoveryversion.org/txo/42_Luke19.htm\" },\n        { name: \"Luke 20\", url: \"http://online.recoveryversion.org/txo/42_Luke20.htm\" },\n        { name: \"Luke 21\", url: \"http://online.recoveryversion.org/txo/42_Luke21.htm\" },\n        { name: \"Luke 22\", url: \"http://online.recoveryversion.org/txo/42_Luke22.htm\" },\n        { name: \"Luke 23\", url: \"http://online.recoveryversion.org/txo/42_Luke23.htm\" },\n        { name: \"Luke 24\", url: \"http://online.recoveryversion.org/txo/42_Luke24.htm\" },\n        { name: \"John 1\", url: \"http://online.recoveryversion.org/txo/43_John1.htm\" },\n        { name: \"John 2\", url: \"http://online.recoveryversion.org/txo/43_John2.htm\" },\n        { name: \"John 3\", url: \"http://online.recoveryversion.org/txo/43_John3.htm\" },\n        { name: \"John 4\", url: \"http://online.recoveryversion.org/txo/43_John4.htm\" },\n        { name: \"John 5\", url: \"http://online.recoveryversion.org/txo/43_John5.htm\" },\n        { name: \"John 6\", url: \"http://online.recoveryversion.org/txo/43_John6.htm\" },\n        { name: \"John 7\", url: \"http://online.recoveryversion.org/txo/43_John7.htm\" },\n        { name: \"John 8\", url: \"http://online.recoveryversion.org/txo/43_John8.htm\" },\n        { name: \"John 9\", url: \"http://online.recoveryversion.org/txo/43_John9.htm\" },\n        { name: \"John 10\", url: \"http://online.recoveryversion.org/txo/43_John10.htm\" },\n        { name: \"John 11\", url: \"http://online.recoveryversion.org/txo/43_John11.htm\" },\n        { name: \"John 12\", url: \"http://online.recoveryversion.org/txo/43_John12.htm\" },\n        { name: \"John 13\", url: \"http://online.recoveryversion.org/txo/43_John13.htm\" },\n        { name: \"John 14\", url: \"http://online.recoveryversion.org/txo/43_John14.htm\" },\n        { name: \"John 15\", url: \"http://online.recoveryversion.org/txo/43_John15.htm\" },\n        { name: \"John 16\", url: \"http://online.recoveryversion.org/txo/43_John16.htm\" },\n        { name: \"John 17\", url: \"http://online.recoveryversion.org/txo/43_John17.htm\" },\n        { name: \"John 18\", url: \"http://online.recoveryversion.org/txo/43_John18.htm\" },\n        { name: \"John 19\", url: \"http://online.recoveryversion.org/txo/43_John19.htm\" },\n        { name: \"John 20\", url: \"http://online.recoveryversion.org/txo/43_John20.htm\" },\n        { name: \"John 21\", url: \"http://online.recoveryversion.org/txo/43_John21.htm\" },\n        { name: \"Acts 1\", url: \"http://online.recoveryversion.org/txo/44_Acts1.htm\" },\n        { name: \"Acts 2\", url: \"http://online.recoveryversion.org/txo/44_Acts2.htm\" },\n        { name: \"Acts 3\", url: \"http://online.recoveryversion.org/txo/44_Acts3.htm\" },\n        { name: \"Acts 4\", url: \"http://online.recoveryversion.org/txo/44_Acts4.htm\" },\n        { name: \"Acts 5\", url: \"http://online.recoveryversion.org/txo/44_Acts5.htm\" },\n        { name: \"Acts 6\", url: \"http://online.recoveryversion.org/txo/44_Acts6.htm\" },\n        { name: \"Acts 7\", url: \"http://online.recoveryversion.org/txo/44_Acts7.htm\" },\n        { name: \"Acts 8\", url: \"http://online.recoveryversion.org/txo/44_Acts8.htm\" },\n        { name: \"Acts 9\", url: \"http://online.recoveryversion.org/txo/44_Acts9.htm\" },\n        { name: \"Acts 10\", url: \"http://online.recoveryversion.org/txo/44_Acts10.htm\" },\n        { name: \"Acts 11\", url: \"http://online.recoveryversion.org/txo/44_Acts11.htm\" },\n        { name: \"Acts 12\", url: \"http://online.recoveryversion.org/txo/44_Acts12.htm\" },\n        { name: \"Acts 13\", url: \"http://online.recoveryversion.org/txo/44_Acts13.htm\" },\n        { name: \"Acts 14\", url: \"http://online.recoveryversion.org/txo/44_Acts14.htm\" },\n        { name: \"Acts 15\", url: \"http://online.recoveryversion.org/txo/44_Acts15.htm\" },\n        { name: \"Acts 16\", url: \"http://online.recoveryversion.org/txo/44_Acts16.htm\" },\n        { name: \"Acts 17\", url: \"http://online.recoveryversion.org/txo/44_Acts17.htm\" }\n        ];\n"]},"hash":"54bab99dea58f73a39d669120eb0bcef8d4390b8"}
