{"metadata":{"modules":{"imports":[],"exports":{"exported":[],"specifiers":[]}},"usedHelpers":[]},"ignored":false,"code":"Meteor.methods({\n\taddComment: function () {\n\t\tconsole.log(\"addComment method running!\");\n\t\tif (this.userId) {\n\t\t\taNewComment.createdOn = new Date();\n\t\t\taNewComment.userId = this.userId;\n\t\t\tconsole.log(aNewComment.createdOn, aNewComment.userId);\n\t\t\treturn Comments.insert(aNewComment);\n\t\t}\n\t\treturn;\n\t}\n});","ast":null,"map":{"version":3,"sources":["/shared/main.js"],"names":[],"mappings":"AAAA,MAAM,CAAC,OAAO,CAAC;AACd,WAAU,EAAC,YAAU;AACpB,SAAO,CAAC,GAAG,CAAC,4BAA4B,CAAC,CAAC;AAC1C,MAAI,IAAI,CAAC,MAAM,EAAC;AACf,cAAW,CAAC,SAAS,GAAG,IAAI,IAAI,EAAE,CAAC;AACnC,cAAW,CAAC,MAAM,GAAG,IAAI,CAAC,MAAM,CAAC;AACjC,UAAO,CAAC,GAAG,CAAC,WAAW,CAAC,SAAS,EAAE,WAAW,CAAC,MAAM,CAAC,CAAC;AACvD,UAAO,QAAQ,CAAC,MAAM,CAAC,WAAW,CAAC,CAAC;GACpC;AACD,SAAO;EACP;CACD,CAAC,CAAA","file":"/shared/main.js.map","sourcesContent":["Meteor.methods({\r\n\taddComment:function(){\r\n\t\tconsole.log(\"addComment method running!\");\r\n\t\tif (this.userId){\r\n\t\t\taNewComment.createdOn = new Date();\r\n\t\t\taNewComment.userId = this.userId;\r\n\t\t\tconsole.log(aNewComment.createdOn, aNewComment.userId);\r\n\t\t\treturn Comments.insert(aNewComment);\r\n\t\t}\r\n\t\treturn;\r\n\t}\r\n})"]},"hash":"845274bd84de4d77b68fd4d71cca86f078be7b78"}
