{"metadata":{"modules":{"imports":[],"exports":{"exported":[],"specifiers":[]}},"usedHelpers":[]},"ignored":false,"code":"var aNewComment;\n\nMeteor.methods({\n\taddComment: function (comment) {\n\t\tconsole.log(\"addComment method running!\");\n\t\tif (this.userId) {\n\t\t\tcomment.createdOn = new Date();\n\t\t\tcomment.userId = this.userId;\n\t\t\tconsole.log(comment.createdOn, comment.userId);\n\t\t\t//return Comments.insert(comment);\n\t\t}\n\t\treturn;\n\t}\n});","ast":null,"map":{"version":3,"sources":["/shared/main.js"],"names":[],"mappings":"AAAA,IAAI,WAAW,CAAC;;AAEhB,MAAM,CAAC,OAAO,CAAC;AACd,WAAU,EAAC,UAAS,OAAO,EAAC;AAC3B,SAAO,CAAC,GAAG,CAAC,4BAA4B,CAAC,CAAC;AAC1C,MAAI,IAAI,CAAC,MAAM,EAAC;AACf,UAAO,CAAC,SAAS,GAAG,IAAI,IAAI,EAAE,CAAC;AAC/B,UAAO,CAAC,MAAM,GAAG,IAAI,CAAC,MAAM,CAAC;AAC7B,UAAO,CAAC,GAAG,CAAC,OAAO,CAAC,SAAS,EAAE,OAAO,CAAC,MAAM,CAAC,CAAC;;GAE/C;AACD,SAAO;EACP;CACD,CAAC,CAAA","file":"/shared/main.js.map","sourcesContent":["var aNewComment;\r\n\r\nMeteor.methods({\r\n\taddComment:function(comment){\r\n\t\tconsole.log(\"addComment method running!\");\r\n\t\tif (this.userId){\r\n\t\t\tcomment.createdOn = new Date();\r\n\t\t\tcomment.userId = this.userId;\r\n\t\t\tconsole.log(comment.createdOn, comment.userId);\r\n\t\t\t//return Comments.insert(comment);\r\n\t\t}\r\n\t\treturn;\r\n\t}\r\n})"]},"hash":"9f9276eaa71d1a5464b855c82655df7c83853486"}
