{"metadata":{"modules":{"imports":[],"exports":{"exported":[],"specifiers":[]}},"usedHelpers":[]},"ignored":false,"code":"Comments = new Mongo.Collection(\"comments\");\naNewComment = {};","ast":null,"map":{"version":3,"sources":["/lib/collections.js"],"names":[],"mappings":"AAAA,QAAQ,GAAG,IAAI,KAAK,CAAC,UAAU,CAAC,UAAU,CAAC,CAAC;AAC5C,WAAW,GAAG,EAAE,CAAC","file":"/lib/collections.js.map","sourcesContent":["Comments = new Mongo.Collection(\"comments\");\r\naNewComment = {};"]},"hash":"9faeddde4b476e6bb0360db1057afbff9042e229"}
