{"metadata":{"modules":{"imports":[],"exports":{"exported":[],"specifiers":[]}},"usedHelpers":[]},"ignored":false,"code":"ActiveUsers = new Mongo.Collection(\"activeusers\");\nBlogposts = new Mongo.Collection(\"blogposts\");","ast":null,"map":{"version":3,"sources":["/biblereadinginfo.js"],"names":[],"mappings":"AAAA,WAAW,GAAG,IAAI,KAAK,CAAC,UAAU,CAAC,aAAa,CAAC,CAAC;AAClD,SAAS,GAAG,IAAI,KAAK,CAAC,UAAU,CAAC,WAAW,CAAC,CAAC","file":"/biblereadinginfo.js.map","sourcesContent":["ActiveUsers = new Mongo.Collection(\"activeusers\");\nBlogposts = new Mongo.Collection(\"blogposts\");\n\n"]},"hash":"a43d1ad72fe3c2eb01cd78234939bd85a383ff56"}
