{"metadata":{"modules":{"imports":[],"exports":{"exported":[],"specifiers":[]}},"usedHelpers":[]},"ignored":false,"code":"Meteor.startup(function () {\n\t// code to run on server at startup\n\tif (!Blogposts.findOne()) {\n\t\tBlogposts.insert({ title: \"How to use this site? What is it for? For whom?\",\n\t\t\tbody: \"On the top of the site there are English buttons on the left and Russian buttons on the right. Each button opens one of the Bible chapters according to the yearly schedule for reading one chapter of the New Testament and two or three chapters of the Old Testament a day. Just click one button after another to make your reading for the day. Visit this site every day to finish your Bible in one year.\",\n\t\t\tauthor: \"admin\", date: \"26.12.2015\" });\n\t\tBlogposts.insert({ title: \"How this site was produced?\",\n\t\t\tbody: \"biblechallenges.com helped me for half a year to read my Bible on schedule. The only problem for me was to open the right pages for the day. This site of mine solves this simple problem. Later on I found out that there are other materials offered for daily use and set them on the left for you to enjoy them too in addition to God’s Word.\",\n\t\t\tauthor: \"admin\", date: \"26.12.2015\" });\n\t\tBlogposts.insert({ title: \"When to start using the site for reading?\",\n\t\t\tbody: \"The best day is today! On January first I am going to publish also a link to the challenge I should create on that day with biblechallenges.com and then you can join me to have all your reading logged in there. If you join later, it is no problem, because you can still go in sync with everyone and start from the beginning next year.\",\n\t\t\tauthor: \"admin\", date: \"26.12.2015\" });\n\t\tBlogposts.insert({ title: \"Is Bible reading good for you?\",\n\t\t\tbody: \"All Scripture is ... profitable for making the man of God perfected and useful for every good work. While reading the Bible we get spiritual nourishment to grow unto salvation. Before going to bed it can spiritually wash us. There are all kinds of good results Bible readers can testify about. Just follow links on the left.\",\n\t\t\tauthor: \"admin\", date: \"26.12.2015\" });\n\t\tBlogposts.insert({ title: \"What are those video links there?\",\n\t\t\tbody: \"Those are my music experiments. Do not worry much about them. This site is done for an assignment on Coursera and I had to have at least three videos there. May be later I will have some Bible reading videos there. It is a way for all the users to participate in the site development. See if you can read a chapter and put it out on YouTube. Later others will be able to listen the best results and be infused with living faith. Join in.\",\n\t\t\tauthor: \"admin\", date: \"26.12.2015\" });\n\t\tBlogposts.insert({ title: \"Why am I asking to register?\",\n\t\t\tbody: \"I am thinking on reading together with a companion. If you provide your name and Skype, later I can show them to all the registered users for calling each other and reading together. If you like an idea to read with somebody, hit the top right corner and join.\",\n\t\t\tauthor: \"admin\", date: \"26.12.2015\" });\n\t\tBlogposts.insert({ title: \"What is this hosting service of Meteor?\",\n\t\t\tbody: \"It should make JavaScript coding easier and faster. I am taking a course about it. Initially the site will be hosted here, but when it is done, it will move to a normal domain name like BibleReading.Info where it will have a different code free from helpers. See you there in about a month.\",\n\t\t\tauthor: \"admin\", date: \"26.12.2015\" });\n\t\tBlogposts.insert({ title: \"Can you make a site for me?\",\n\t\t\tbody: \"I think so, but you should be able to tell me what it should do and what content you have gathered for it. Only then I can make a proposal for your new website.\",\n\t\t\tauthor: \"admin\", date: \"26.12.2015\" });\n\t\tBlogposts.insert({ title: \"What technologies were used to make this site?\",\n\t\t\tbody: \"It uses HTML for the page layout, CSS for style sheets, JavaScript with JQuery for functionality, Bootstraps for responsiveness to the screen size, Meteor for including all sorts of useful and useless packages.\",\n\t\t\tauthor: \"admin\", date: \"26.12.2015\" });\n\t\tBlogposts.insert({ title: \"Why there are no ads?\",\n\t\t\tbody: \"No time now. May be later. Now we should just see if this thing can fly without being loaded with extra stuff. For now just drop your penny to the offering box in the local church.\",\n\t\t\tauthor: \"admin\", date: \"26.12.2015\" });\n\t}\n});","ast":null,"map":{"version":3,"sources":["/server/server.js"],"names":[],"mappings":"AAAE,MAAM,CAAC,OAAO,CAAC,YAAY;;AAEzB,KAAI,CAAC,SAAS,CAAC,OAAO,EAAE,EAAE;AACzB,WAAS,CAAC,MAAM,CAAC,EAAE,KAAK,EAAE,iDAAiD;AAC3E,OAAI,EAAE,kZAAkZ;AACxZ,SAAM,EAAE,OAAO,EAAE,IAAI,EAAE,YAAY,EAAE,CAAC,CAAC;AACvC,WAAS,CAAC,MAAM,CAAC,EAAE,KAAK,EAAE,6BAA6B;AACvD,OAAI,EAAE,oVAAoV;AAC1V,SAAM,EAAE,OAAO,EAAE,IAAI,EAAE,YAAY,EAAE,CAAC,CAAC;AACvC,WAAS,CAAC,MAAM,CAAC,EAAE,KAAK,EAAE,2CAA2C;AACrE,OAAI,EAAE,gVAAgV;AACtV,SAAM,EAAE,OAAO,EAAE,IAAI,EAAE,YAAY,EAAE,CAAC,CAAC;AACvC,WAAS,CAAC,MAAM,CAAC,EAAE,KAAK,EAAE,gCAAgC;AAC1D,OAAI,EAAE,sUAAsU;AAC5U,SAAM,EAAE,OAAO,EAAE,IAAI,EAAE,YAAY,EAAE,CAAC,CAAC;AACvC,WAAS,CAAC,MAAM,CAAC,EAAE,KAAK,EAAE,mCAAmC;AAC7D,OAAI,EAAE,ubAAub;AAC7b,SAAM,EAAE,OAAO,EAAE,IAAI,EAAE,YAAY,EAAE,CAAC,CAAC;AACvC,WAAS,CAAC,MAAM,CAAC,EAAE,KAAK,EAAE,8BAA8B;AACxD,OAAI,EAAE,sQAAsQ;AAC5Q,SAAM,EAAE,OAAO,EAAE,IAAI,EAAE,YAAY,EAAE,CAAC,CAAC;AACvC,WAAS,CAAC,MAAM,CAAC,EAAE,KAAK,EAAE,yCAAyC;AACnE,OAAI,EAAE,oSAAoS;AAC1S,SAAM,EAAE,OAAO,EAAE,IAAI,EAAE,YAAY,EAAE,CAAC,CAAC;AACvC,WAAS,CAAC,MAAM,CAAC,EAAE,KAAK,EAAE,6BAA6B;AACvD,OAAI,EAAE,kKAAkK;AACxK,SAAM,EAAE,OAAO,EAAE,IAAI,EAAE,YAAY,EAAE,CAAC,CAAC;AACvC,WAAS,CAAC,MAAM,CAAC,EAAE,KAAK,EAAE,gDAAgD;AAC1E,OAAI,EAAE,oNAAoN;AAC1N,SAAM,EAAE,OAAO,EAAE,IAAI,EAAE,YAAY,EAAE,CAAC,CAAC;AACvC,WAAS,CAAC,MAAM,CAAC,EAAE,KAAK,EAAE,uBAAuB;AACjD,OAAI,EAAE,sLAAsL;AAC5L,SAAM,EAAE,OAAO,EAAE,IAAI,EAAE,YAAY,EAAE,CAAC,CAAC;EACvC;CACJ,CAAC,CAAC","file":"/server/server.js.map","sourcesContent":["  Meteor.startup(function () {\r\n    // code to run on server at startup\r\n    if (!Blogposts.findOne()) {\r\n    \tBlogposts.insert({ title: \"How to use this site? What is it for? For whom?\",\r\n\t\t\t  body: \"On the top of the site there are English buttons on the left and Russian buttons on the right. Each button opens one of the Bible chapters according to the yearly schedule for reading one chapter of the New Testament and two or three chapters of the Old Testament a day. Just click one button after another to make your reading for the day. Visit this site every day to finish your Bible in one year.\",\r\n\t\t\t  author: \"admin\", date: \"26.12.2015\" });\r\n    \tBlogposts.insert({ title: \"How this site was produced?\",\r\n\t\t\t  body: \"biblechallenges.com helped me for half a year to read my Bible on schedule. The only problem for me was to open the right pages for the day. This site of mine solves this simple problem. Later on I found out that there are other materials offered for daily use and set them on the left for you to enjoy them too in addition to God’s Word.\",\r\n\t\t\t  author: \"admin\", date: \"26.12.2015\" });\r\n    \tBlogposts.insert({ title: \"When to start using the site for reading?\",\r\n\t\t\t  body: \"The best day is today! On January first I am going to publish also a link to the challenge I should create on that day with biblechallenges.com and then you can join me to have all your reading logged in there. If you join later, it is no problem, because you can still go in sync with everyone and start from the beginning next year.\",\r\n\t\t\t  author: \"admin\", date: \"26.12.2015\" });\r\n    \tBlogposts.insert({ title: \"Is Bible reading good for you?\",\r\n\t\t\t  body: \"All Scripture is ... profitable for making the man of God perfected and useful for every good work. While reading the Bible we get spiritual nourishment to grow unto salvation. Before going to bed it can spiritually wash us. There are all kinds of good results Bible readers can testify about. Just follow links on the left.\",\r\n\t\t\t  author: \"admin\", date: \"26.12.2015\" });\r\n    \tBlogposts.insert({ title: \"What are those video links there?\",\r\n\t\t\t  body: \"Those are my music experiments. Do not worry much about them. This site is done for an assignment on Coursera and I had to have at least three videos there. May be later I will have some Bible reading videos there. It is a way for all the users to participate in the site development. See if you can read a chapter and put it out on YouTube. Later others will be able to listen the best results and be infused with living faith. Join in.\",\r\n\t\t\t  author: \"admin\", date: \"26.12.2015\" });\r\n    \tBlogposts.insert({ title: \"Why am I asking to register?\",\r\n\t\t\t  body: \"I am thinking on reading together with a companion. If you provide your name and Skype, later I can show them to all the registered users for calling each other and reading together. If you like an idea to read with somebody, hit the top right corner and join.\",\r\n\t\t\t  author: \"admin\", date: \"26.12.2015\" });\r\n    \tBlogposts.insert({ title: \"What is this hosting service of Meteor?\",\r\n\t\t\t  body: \"It should make JavaScript coding easier and faster. I am taking a course about it. Initially the site will be hosted here, but when it is done, it will move to a normal domain name like BibleReading.Info where it will have a different code free from helpers. See you there in about a month.\",\r\n\t\t\t  author: \"admin\", date: \"26.12.2015\" });\r\n    \tBlogposts.insert({ title: \"Can you make a site for me?\",\r\n\t\t\t  body: \"I think so, but you should be able to tell me what it should do and what content you have gathered for it. Only then I can make a proposal for your new website.\",\r\n\t\t\t  author: \"admin\", date: \"26.12.2015\" });\r\n    \tBlogposts.insert({ title: \"What technologies were used to make this site?\",\r\n\t\t\t  body: \"It uses HTML for the page layout, CSS for style sheets, JavaScript with JQuery for functionality, Bootstraps for responsiveness to the screen size, Meteor for including all sorts of useful and useless packages.\",\r\n\t\t\t  author: \"admin\", date: \"26.12.2015\" });\r\n    \tBlogposts.insert({ title: \"Why there are no ads?\",\r\n\t\t\t  body: \"No time now. May be later. Now we should just see if this thing can fly without being loaded with extra stuff. For now just drop your penny to the offering box in the local church.\",\r\n\t\t\t  author: \"admin\", date: \"26.12.2015\" });\r\n    }\r\n});"]},"hash":"08d47824777e623e4629c760241f0e16c60d6f09"}
