{"metadata":{"modules":{"imports":[],"exports":{"exported":[],"specifiers":[]}},"usedHelpers":[]},"ignored":false,"code":"if (Meteor.isClient) {\n\n\tRouter.configure({\n\t\tlayoutTemplate: 'ApplicationLayout'\n\t});\n\n\tRouter.route('/', function () {\n\t\tthis.render('home');\n\t});\n}\n\nif (Meteor.isServer) {\n\tMeteor.startup(function () {\n\t\t// code to run on server at startup\n\t});\n}","ast":null,"map":{"version":3,"sources":["/biblereadinginfo.js"],"names":[],"mappings":"AAAA,IAAI,MAAM,CAAC,QAAQ,EAAE;;AAEpB,OAAM,CAAC,SAAS,CAAC;AAChB,gBAAc,EAAE,mBAAmB;EACnC,CAAC,CAAC;;AAEH,OAAM,CAAC,KAAK,CAAC,GAAG,EAAE,YAAY;AAC9B,MAAI,CAAC,MAAM,CAAC,MAAM,CAAC,CAAC;EACnB,CAAC,CAAC;CAGH;;AAED,IAAI,MAAM,CAAC,QAAQ,EAAE;AACnB,OAAM,CAAC,OAAO,CAAC,YAAY;;EAE1B,CAAC,CAAC;CACJ","file":"/biblereadinginfo.js.map","sourcesContent":["if (Meteor.isClient) {\n\t\n\tRouter.configure({\n\t\tlayoutTemplate: 'ApplicationLayout'\n\t});\n\t\n\tRouter.route('/', function () {\n\tthis.render('home');\n\t});\n\t\n\n}\n\nif (Meteor.isServer) {\n  Meteor.startup(function () {\n    // code to run on server at startup\n  });\n}\n"]},"hash":"1b0b8fb84d52f923d0e3253f0c08d7f890b4e25c"}
