{"metadata":{"modules":{"imports":[],"exports":{"exported":[],"specifiers":[]}},"usedHelpers":[]},"ignored":false,"code":"if (Meteor.isClient) {\n\n\tRouter.configure({\n\t\tlayoutTemplate: 'ApplicationLayout'\n\t});\n\n\tRouter.route('/', function () {\n\t\tthis.render('navbar', {\n\t\t\tto: \"navbar\"\n\t\t});\n\t\t//\t\tthis.render('home', {\n\t\t//\t\t\tto:\"basic\"\n\t\t//\t\t});\n\t});\n}\n\nif (Meteor.isServer) {\n\tMeteor.startup(function () {\n\t\t// code to run on server at startup\n\t});\n}","ast":null,"map":{"version":3,"sources":["/biblereadinginfo.js"],"names":[],"mappings":"AAAA,IAAI,MAAM,CAAC,QAAQ,EAAE;;AAEpB,OAAM,CAAC,SAAS,CAAC;AAChB,gBAAc,EAAE,mBAAmB;EACnC,CAAC,CAAC;;AAEH,OAAM,CAAC,KAAK,CAAC,GAAG,EAAE,YAAY;AAC7B,MAAI,CAAC,MAAM,CAAC,QAAQ,EAAE;AACrB,KAAE,EAAC,QAAQ;GACX,CAAC,CAAC;;;;EAIH,CAAC,CAAC;CAGH;;AAED,IAAI,MAAM,CAAC,QAAQ,EAAE;AACnB,OAAM,CAAC,OAAO,CAAC,YAAY;;EAE1B,CAAC,CAAC;CACJ","file":"/biblereadinginfo.js.map","sourcesContent":["if (Meteor.isClient) {\n\t\n\tRouter.configure({\n\t\tlayoutTemplate: 'ApplicationLayout'\n\t});\n\t\n\tRouter.route('/', function () {\n\t\tthis.render('navbar', {\n\t\t\tto:\"navbar\"\n\t\t});\n//\t\tthis.render('home', {\n//\t\t\tto:\"basic\"\n//\t\t});\n\t});\n\t\n\n}\n\nif (Meteor.isServer) {\n  Meteor.startup(function () {\n    // code to run on server at startup\n  });\n}\n"]},"hash":"22fe2fb3ee2c42f0cd94648b18ef71cb2aab61e2"}
