{"metadata":{"modules":{"imports":[],"exports":{"exported":[],"specifiers":[]}},"usedHelpers":[]},"ignored":false,"code":"\n\n// configure the special accounts user interface\n// by setting up some extra fields and specifying constraints\n// see:https://github.com/ianmartorell/meteor-accounts-ui-bootstrap-3/   \nAccounts.ui.config({\n    requestPermissions: {},\n    extraSignupFields: [{\n        fieldName: 'first-name',\n        fieldLabel: 'First name',\n        inputType: 'text',\n        visible: true,\n        validate: function (value, errorFunction) {\n            if (!value) {\n                errorFunction(\"Please write your first name\");\n                return false;\n            } else {\n                return true;\n            }\n        }\n    }, {\n        fieldName: 'last-name',\n        fieldLabel: 'Last name',\n        inputType: 'text',\n        visible: true\n    }, {\n        fieldName: 'gender',\n        showFieldLabel: false, // If true, fieldLabel will be shown before radio group\n        fieldLabel: 'Gender',\n        inputType: 'radio',\n        radioLayout: 'vertical', // It can be 'inline' or 'vertical'\n        data: [{ // Array of radio options, all properties are required\n            id: 1, // id suffix of the radio element\n            label: 'Male', // label for the radio element\n            value: 'm' // value of the radio element, this will be saved.\n        }, {\n            id: 2,\n            label: 'Female',\n            value: 'f',\n            checked: 'checked'\n        }],\n        visible: true\n    }, {\n        fieldName: 'country',\n        fieldLabel: 'Country',\n        inputType: 'select',\n        showFieldLabel: true,\n        empty: 'Please select your country of residence',\n        data: [{\n            id: 1,\n            label: 'United States',\n            value: 'us'\n        }, {\n            id: 2,\n            label: 'Spain',\n            value: 'es'\n        }],\n        visible: true\n    }, {\n        fieldName: 'terms',\n        fieldLabel: 'I accept the terms and conditions <a href=\"\">See t and x...</a>',\n        inputType: 'checkbox',\n        visible: true,\n        saveToProfile: false,\n        validate: function (value, errorFunction) {\n            if (value) {\n                return true;\n            } else {\n                errorFunction('You must accept the terms and conditions.');\n                return false;\n            }\n        }\n    }]\n});","ast":null,"map":{"version":3,"sources":["/accounts.js"],"names":[],"mappings":";;;;;AAKA,QAAQ,CAAC,EAAE,CAAC,MAAM,CAAC;AACf,sBAAkB,EAAE,EAAE;AACtB,qBAAiB,EAAE,CAAC;AAChB,iBAAS,EAAE,YAAY;AACvB,kBAAU,EAAE,YAAY;AACxB,iBAAS,EAAE,MAAM;AACjB,eAAO,EAAE,IAAI;AACb,gBAAQ,EAAE,UAAS,KAAK,EAAE,aAAa,EAAE;AACvC,gBAAI,CAAC,KAAK,EAAE;AACV,6BAAa,CAAC,8BAA8B,CAAC,CAAC;AAC9C,uBAAO,KAAK,CAAC;aACd,MAAM;AACL,uBAAO,IAAI,CAAC;aACb;SACF;KACJ,EAAE;AACC,iBAAS,EAAE,WAAW;AACtB,kBAAU,EAAE,WAAW;AACvB,iBAAS,EAAE,MAAM;AACjB,eAAO,EAAE,IAAI;KAChB,EAAE;AACC,iBAAS,EAAE,QAAQ;AACnB,sBAAc,EAAE,KAAK;AACrB,kBAAU,EAAE,QAAQ;AACpB,iBAAS,EAAE,OAAO;AAClB,mBAAW,EAAE,UAAU;AACvB,YAAI,EAAE,CAAC;AACH,cAAE,EAAE,CAAC;AACL,iBAAK,EAAE,MAAM;AACb,iBAAK,EAAE,GAAG;SACX,EAAE;AACD,cAAE,EAAE,CAAC;AACL,iBAAK,EAAE,QAAQ;AACf,iBAAK,EAAE,GAAG;AACV,mBAAO,EAAE,SAAS;SACrB,CAAC;AACF,eAAO,EAAE,IAAI;KAChB,EAAE;AACC,iBAAS,EAAE,SAAS;AACpB,kBAAU,EAAE,SAAS;AACrB,iBAAS,EAAE,QAAQ;AACnB,sBAAc,EAAE,IAAI;AACpB,aAAK,EAAE,yCAAyC;AAChD,YAAI,EAAE,CAAC;AACH,cAAE,EAAE,CAAC;AACL,iBAAK,EAAE,eAAe;AACtB,iBAAK,EAAE,IAAI;SACZ,EAAE;AACD,cAAE,EAAE,CAAC;AACL,iBAAK,EAAE,OAAO;AACd,iBAAK,EAAE,IAAI;SACd,CAAC;AACF,eAAO,EAAE,IAAI;KAChB,EAAE;AACC,iBAAS,EAAE,OAAO;AAClB,kBAAU,EAAE,iEAAiE;AAC7E,iBAAS,EAAE,UAAU;AACrB,eAAO,EAAE,IAAI;AACb,qBAAa,EAAE,KAAK;AACpB,gBAAQ,EAAE,UAAS,KAAK,EAAE,aAAa,EAAE;AACrC,gBAAI,KAAK,EAAE;AACP,uBAAO,IAAI,CAAC;aACf,MAAM;AACH,6BAAa,CAAC,2CAA2C,CAAC,CAAC;AAC3D,uBAAO,KAAK,CAAC;aAChB;SACJ;KACJ,CAAC;CACL,CAAC,CAAC","file":"/accounts.js.map","sourcesContent":["\n\n// configure the special accounts user interface\n// by setting up some extra fields and specifying constraints\n// see:https://github.com/ianmartorell/meteor-accounts-ui-bootstrap-3/    \nAccounts.ui.config({\n    requestPermissions: {},\n    extraSignupFields: [{\n        fieldName: 'first-name',\n        fieldLabel: 'First name',\n        inputType: 'text',\n        visible: true,\n        validate: function(value, errorFunction) {\n          if (!value) {\n            errorFunction(\"Please write your first name\");\n            return false;\n          } else {\n            return true;\n          }\n        }\n    }, {\n        fieldName: 'last-name',\n        fieldLabel: 'Last name',\n        inputType: 'text',\n        visible: true,\n    }, {\n        fieldName: 'gender',\n        showFieldLabel: false,      // If true, fieldLabel will be shown before radio group\n        fieldLabel: 'Gender',\n        inputType: 'radio',\n        radioLayout: 'vertical',    // It can be 'inline' or 'vertical'\n        data: [{                    // Array of radio options, all properties are required\n            id: 1,                  // id suffix of the radio element\n            label: 'Male',          // label for the radio element\n            value: 'm'              // value of the radio element, this will be saved.\n          }, {\n            id: 2,\n            label: 'Female',\n            value: 'f',\n            checked: 'checked'\n        }],\n        visible: true\n    }, {\n        fieldName: 'country',\n        fieldLabel: 'Country',\n        inputType: 'select',\n        showFieldLabel: true,\n        empty: 'Please select your country of residence',\n        data: [{\n            id: 1,\n            label: 'United States',\n            value: 'us'\n          }, {\n            id: 2,\n            label: 'Spain',\n            value: 'es',\n        }],\n        visible: true\n    }, {\n        fieldName: 'terms',\n        fieldLabel: 'I accept the terms and conditions <a href=\"\">See t and x...</a>',\n        inputType: 'checkbox',\n        visible: true,\n        saveToProfile: false,\n        validate: function(value, errorFunction) {\n            if (value) {\n                return true;\n            } else {\n                errorFunction('You must accept the terms and conditions.');\n                return false;\n            }\n        }\n    }]\n});\n\n"]},"hash":"252572fdf8d612dd840511b384994ab67b9896d3"}
