{"metadata":{"modules":{"imports":[],"exports":{"exported":[],"specifiers":[]}},"usedHelpers":[]},"ignored":false,"code":"Template.blog.events({\n\t'submit #blogForm': function (e) {\n\t\te.preventDefault();\n\t\talert('hello');\n\t}\n});","ast":null,"map":{"version":3,"sources":["/client/blog.js"],"names":[],"mappings":"AAAA,QAAQ,CAAC,IAAI,CAAC,MAAM,CAAC;AACpB,mBAAkB,EAAC,UAAS,CAAC,EAAC;AAC7B,GAAC,CAAC,cAAc,EAAE,CAAC;AACnB,OAAK,CAAC,OAAO,CAAC,CAAA;EACd;CACD,CAAC,CAAA","file":"/client/blog.js.map","sourcesContent":["Template.blog.events({\r\n\t'submit #blogForm':function(e){\r\n\t\te.preventDefault();\r\n\t\talert('hello')\r\n\t}\r\n})"]},"hash":"2b40ac7b5b09b55e5bc45bf75de055cf22eb16e1"}
