{"metadata":{"modules":{"imports":[],"exports":{"exported":[],"specifiers":[]}},"usedHelpers":[]},"ignored":false,"code":"Meteor.methods({\n\taddComment: function (aNewComment) {\n\t\tconsole.log(\"addComment method running!\");\n\t\tif (this.userId) {\n\t\t\taNewComment.createdOn = new Date();\n\t\t\taNewComment.userId = this.userId;\n\t\t\tdocument.getElementById(\"submitBtn\").innerHTML = \"Submitted\";\n\t\t\tdocument.getElementById(\"submitBtn\")[\"class\"] = \"btn btn-default disabled\";\n\t\t\treturn Comments.insert(aNewComment);\n\t\t}\n\t\treturn;\n\t}\n});","ast":null,"map":{"version":3,"sources":["/shared/main.js"],"names":[],"mappings":"AAAA,MAAM,CAAC,OAAO,CAAC;AACd,WAAU,EAAC,UAAS,WAAW,EAAC;AAC/B,SAAO,CAAC,GAAG,CAAC,4BAA4B,CAAC,CAAC;AAC1C,MAAI,IAAI,CAAC,MAAM,EAAC;AACf,cAAW,CAAC,SAAS,GAAG,IAAI,IAAI,EAAE,CAAC;AACnC,cAAW,CAAC,MAAM,GAAG,IAAI,CAAC,MAAM,CAAC;AACjC,WAAQ,CAAC,cAAc,CAAC,WAAW,CAAC,CAAC,SAAS,GAAG,WAAW,CAAC;AAC7D,WAAQ,CAAC,cAAc,CAAC,WAAW,CAAC,SAAM,GAAG,0BAA0B,CAAC;AACxE,UAAO,QAAQ,CAAC,MAAM,CAAC,WAAW,CAAC,CAAC;GACpC;AACD,SAAO;EACP;CACD,CAAC,CAAA","file":"/shared/main.js.map","sourcesContent":["Meteor.methods({\r\n\taddComment:function(aNewComment){\r\n\t\tconsole.log(\"addComment method running!\");\r\n\t\tif (this.userId){\r\n\t\t\taNewComment.createdOn = new Date();\r\n\t\t\taNewComment.userId = this.userId;\r\n\t\t\tdocument.getElementById(\"submitBtn\").innerHTML = \"Submitted\";\r\n\t\t\tdocument.getElementById(\"submitBtn\").class = \"btn btn-default disabled\";\r\n\t\t\treturn Comments.insert(aNewComment);\r\n\t\t}\r\n\t\treturn;\r\n\t}\r\n})"]},"hash":"5606376ff0923899a062f6b10ea3e9f846ebd57b"}
