{"metadata":{"modules":{"imports":[],"exports":{"exported":[],"specifiers":[]}},"usedHelpers":[]},"ignored":false,"code":"// this file contains the data\nvar Day_Russian_New = [{ name: \"\", url: \"\" }, { name: \" Матфея 1 \", url: \"http://bible.ws.ua/bibliya/evangelie-po-matfeyu/1 \" }, { name: \" Матфея 2 \", url: \"http://bible.ws.ua/bibliya/evangelie-po-matfeyu/2 \" }, { name: \" Матфея 3 \", url: \"http://bible.ws.ua/bibliya/evangelie-po-matfeyu/3 \" }, { name: \" Матфея 4 \", url: \"http://bible.ws.ua/bibliya/evangelie-po-matfeyu/4 \" }, { name: \" Матфея 5 \", url: \"http://bible.ws.ua/bibliya/evangelie-po-matfeyu/5 \" }, { name: \" Матфея 6 \", url: \"http://bible.ws.ua/bibliya/evangelie-po-matfeyu/6 \" }, { name: \" Матфея 7 \", url: \"http://bible.ws.ua/bibliya/evangelie-po-matfeyu/7 \" }, { name: \" Матфея 8 \", url: \"http://bible.ws.ua/bibliya/evangelie-po-matfeyu/8 \" }, { name: \" Матфея 9 \", url: \"http://bible.ws.ua/bibliya/evangelie-po-matfeyu/9 \" }, { name: \" Матфея 10 \", url: \"http://bible.ws.ua/bibliya/evangelie-po-matfeyu/10 \" }, { name: \" Матфея 11 \", url: \"http://bible.ws.ua/bibliya/evangelie-po-matfeyu/11 \" }, { name: \" Матфея 12 \", url: \"http://bible.ws.ua/bibliya/evangelie-po-matfeyu/12 \" }, { name: \" Матфея 13 \", url: \"http://bible.ws.ua/bibliya/evangelie-po-matfeyu/13 \" }, { name: \" Матфея 14 \", url: \"http://bible.ws.ua/bibliya/evangelie-po-matfeyu/14 \" }, { name: \" Матфея 15 \", url: \"http://bible.ws.ua/bibliya/evangelie-po-matfeyu/15 \" }, { name: \" Матфея 16 \", url: \"http://bible.ws.ua/bibliya/evangelie-po-matfeyu/16 \" }, { name: \" Матфея 17 \", url: \"http://bible.ws.ua/bibliya/evangelie-po-matfeyu/17 \" }, { name: \" Матфея 18 \", url: \"http://bible.ws.ua/bibliya/evangelie-po-matfeyu/18 \" }, { name: \" Матфея 19 \", url: \"http://bible.ws.ua/bibliya/evangelie-po-matfeyu/19 \" }, { name: \" Матфея 20 \", url: \"http://bible.ws.ua/bibliya/evangelie-po-matfeyu/20 \" }, { name: \" Матфея 21 \", url: \"http://bible.ws.ua/bibliya/evangelie-po-matfeyu/21 \" }, { name: \" Матфея 22 \", url: \"http://bible.ws.ua/bibliya/evangelie-po-matfeyu/22 \" }, { name: \" Матфея 23 \", url: \"http://bible.ws.ua/bibliya/evangelie-po-matfeyu/23 \" }, { name: \" Матфея 24 \", url: \"http://bible.ws.ua/bibliya/evangelie-po-matfeyu/24 \" }, { name: \" Матфея 25 \", url: \"http://bible.ws.ua/bibliya/evangelie-po-matfeyu/25 \" }, { name: \" Матфея 26 \", url: \"http://bible.ws.ua/bibliya/evangelie-po-matfeyu/26 \" }, { name: \" Матфея 27 \", url: \"http://bible.ws.ua/bibliya/evangelie-po-matfeyu/27 \" }, { name: \" Матфея 28 \", url: \"http://bible.ws.ua/bibliya/evangelie-po-matfeyu/28 \" }, { name: \" Марка 1 \", url: \"http://bible.ws.ua/bibliya/evangelie-po-marku/1 \" }, { name: \" Марка 2 \", url: \"http://bible.ws.ua/bibliya/evangelie-po-marku/2 \" }, { name: \" Марка 3 \", url: \"http://bible.ws.ua/bibliya/evangelie-po-marku/3 \" }, { name: \" Марка 4 \", url: \"http://bible.ws.ua/bibliya/evangelie-po-marku/4 \" }, { name: \" Марка 5 \", url: \"http://bible.ws.ua/bibliya/evangelie-po-marku/5 \" }, { name: \" Марка 6 \", url: \"http://bible.ws.ua/bibliya/evangelie-po-marku/6 \" }, { name: \" Марка 7 \", url: \"http://bible.ws.ua/bibliya/evangelie-po-marku/7 \" }, { name: \" Марка 8 \", url: \"http://bible.ws.ua/bibliya/evangelie-po-marku/8 \" }, { name: \" Марка 9 \", url: \"http://bible.ws.ua/bibliya/evangelie-po-marku/9 \" }, { name: \" Марка 10 \", url: \"http://bible.ws.ua/bibliya/evangelie-po-marku/10 \" }, { name: \" Марка 11 \", url: \"http://bible.ws.ua/bibliya/evangelie-po-marku/11 \" }, { name: \" Марка 12 \", url: \"http://bible.ws.ua/bibliya/evangelie-po-marku/12 \" }, { name: \" Марка 13 \", url: \"http://bible.ws.ua/bibliya/evangelie-po-marku/13 \" }, { name: \" Марка 14 \", url: \"http://bible.ws.ua/bibliya/evangelie-po-marku/14 \" }, { name: \" Марка 15 \", url: \"http://bible.ws.ua/bibliya/evangelie-po-marku/15 \" }, { name: \" Марка 16 \", url: \"http://bible.ws.ua/bibliya/evangelie-po-marku/16 \" }, { name: \" Луки 1 \", url: \"http://bible.ws.ua/bibliya/evangelie-po-luke/1 \" }, { name: \" Луки 2 \", url: \"http://bible.ws.ua/bibliya/evangelie-po-luke/2 \" }, { name: \" Луки 3 \", url: \"http://bible.ws.ua/bibliya/evangelie-po-luke/3 \" }, { name: \" Луки 4 \", url: \"http://bible.ws.ua/bibliya/evangelie-po-luke/4 \" }, { name: \" Луки 5 \", url: \"http://bible.ws.ua/bibliya/evangelie-po-luke/5 \" }, { name: \" Луки 6 \", url: \"http://bible.ws.ua/bibliya/evangelie-po-luke/6 \" }, { name: \" Луки 7 \", url: \"http://bible.ws.ua/bibliya/evangelie-po-luke/7 \" }, { name: \" Луки 8 \", url: \"http://bible.ws.ua/bibliya/evangelie-po-luke/8 \" }, { name: \" Луки 9 \", url: \"http://bible.ws.ua/bibliya/evangelie-po-luke/9 \" }, { name: \" Луки 10 \", url: \"http://bible.ws.ua/bibliya/evangelie-po-luke/10 \" }, { name: \" Луки 11 \", url: \"http://bible.ws.ua/bibliya/evangelie-po-luke/11 \" }, { name: \" Луки 12 \", url: \"http://bible.ws.ua/bibliya/evangelie-po-luke/12 \" }, { name: \" Луки 13 \", url: \"http://bible.ws.ua/bibliya/evangelie-po-luke/13 \" }, { name: \" Луки 14 \", url: \"http://bible.ws.ua/bibliya/evangelie-po-luke/14 \" }, { name: \" Луки 15 \", url: \"http://bible.ws.ua/bibliya/evangelie-po-luke/15 \" }, { name: \" Луки 16 \", url: \"http://bible.ws.ua/bibliya/evangelie-po-luke/16 \" }, { name: \" Луки 17 \", url: \"http://bible.ws.ua/bibliya/evangelie-po-luke/17 \" }, { name: \" Луки 18 \", url: \"http://bible.ws.ua/bibliya/evangelie-po-luke/18 \" }, { name: \" Луки 19 \", url: \"http://bible.ws.ua/bibliya/evangelie-po-luke/19 \" }, { name: \" Луки 20 \", url: \"http://bible.ws.ua/bibliya/evangelie-po-luke/20 \" }, { name: \" Луки 21 \", url: \"http://bible.ws.ua/bibliya/evangelie-po-luke/21 \" }, { name: \" Луки 22 \", url: \"http://bible.ws.ua/bibliya/evangelie-po-luke/22 \" }, { name: \" Луки 23 \", url: \"http://bible.ws.ua/bibliya/evangelie-po-luke/23 \" }, { name: \" Луки 24 \", url: \"http://bible.ws.ua/bibliya/evangelie-po-luke/24 \" }, { name: \" Иоанна 1 \", url: \"http://bible.ws.ua/bibliya/evangelie-po-ioannu/1 \" }, { name: \" Иоанна 2 \", url: \"http://bible.ws.ua/bibliya/evangelie-po-ioannu/2 \" }, { name: \" Иоанна 3 \", url: \"http://bible.ws.ua/bibliya/evangelie-po-ioannu/3 \" }, { name: \" Иоанна 4 \", url: \"http://bible.ws.ua/bibliya/evangelie-po-ioannu/4 \" }, { name: \" Иоанна 5 \", url: \"http://bible.ws.ua/bibliya/evangelie-po-ioannu/5 \" }, { name: \" Иоанна 6 \", url: \"http://bible.ws.ua/bibliya/evangelie-po-ioannu/6 \" }, { name: \" Иоанна 7 \", url: \"http://bible.ws.ua/bibliya/evangelie-po-ioannu/7 \" }, { name: \" Иоанна 8 \", url: \"http://bible.ws.ua/bibliya/evangelie-po-ioannu/8 \" }, { name: \" Иоанна 9 \", url: \"http://bible.ws.ua/bibliya/evangelie-po-ioannu/9 \" }, { name: \" Иоанна 10 \", url: \"http://bible.ws.ua/bibliya/evangelie-po-ioannu/10 \" }, { name: \" Иоанна 11 \", url: \"http://bible.ws.ua/bibliya/evangelie-po-ioannu/11 \" }, { name: \" Иоанна 12 \", url: \"http://bible.ws.ua/bibliya/evangelie-po-ioannu/12 \" }, { name: \" Иоанна 13 \", url: \"http://bible.ws.ua/bibliya/evangelie-po-ioannu/13 \" }, { name: \" Иоанна 14 \", url: \"http://bible.ws.ua/bibliya/evangelie-po-ioannu/14 \" }, { name: \" Иоанна 15 \", url: \"http://bible.ws.ua/bibliya/evangelie-po-ioannu/15 \" }, { name: \" Иоанна 16 \", url: \"http://bible.ws.ua/bibliya/evangelie-po-ioannu/16 \" }, { name: \" Иоанна 17 \", url: \"http://bible.ws.ua/bibliya/evangelie-po-ioannu/17 \" }, { name: \" Иоанна 18 \", url: \"http://bible.ws.ua/bibliya/evangelie-po-ioannu/18 \" }, { name: \" Иоанна 19 \", url: \"http://bible.ws.ua/bibliya/evangelie-po-ioannu/19 \" }, { name: \" Иоанна 20 \", url: \"http://bible.ws.ua/bibliya/evangelie-po-ioannu/20 \" }, { name: \" Иоанна 21 \", url: \"http://bible.ws.ua/bibliya/evangelie-po-ioannu/21 \" }, { name: \" Деяния 1 \", url: \"http://bible.ws.ua/bibliya/deyaniya-apostolov/1 \" }, { name: \" Деяния 2 \", url: \"http://bible.ws.ua/bibliya/deyaniya-apostolov/2 \" }, { name: \" Деяния 3 \", url: \"http://bible.ws.ua/bibliya/deyaniya-apostolov/3 \" }, { name: \" Деяния 4 \", url: \"http://bible.ws.ua/bibliya/deyaniya-apostolov/4 \" }, { name: \" Деяния 5 \", url: \"http://bible.ws.ua/bibliya/deyaniya-apostolov/5 \" }, { name: \" Деяния 6 \", url: \"http://bible.ws.ua/bibliya/deyaniya-apostolov/6 \" }, { name: \" Деяния 7 \", url: \"http://bible.ws.ua/bibliya/deyaniya-apostolov/7 \" }, { name: \" Деяния 8 \", url: \"http://bible.ws.ua/bibliya/deyaniya-apostolov/8 \" }, { name: \" Деяния 9 \", url: \"http://bible.ws.ua/bibliya/deyaniya-apostolov/9 \" }, { name: \" Деяния 10 \", url: \"http://bible.ws.ua/bibliya/deyaniya-apostolov/10 \" }, { name: \" Деяния 11 \", url: \"http://bible.ws.ua/bibliya/deyaniya-apostolov/11 \" }, { name: \" Деяния 12 \", url: \"http://bible.ws.ua/bibliya/deyaniya-apostolov/12 \" }, { name: \" Деяния 13 \", url: \"http://bible.ws.ua/bibliya/deyaniya-apostolov/13 \" }, { name: \" Деяния 14 \", url: \"http://bible.ws.ua/bibliya/deyaniya-apostolov/14 \" }, { name: \" Деяния 15 \", url: \"http://bible.ws.ua/bibliya/deyaniya-apostolov/15 \" }, { name: \" Деяния 16 \", url: \"http://bible.ws.ua/bibliya/deyaniya-apostolov/16 \" }, { name: \" Деяния 17 \", url: \"http://bible.ws.ua/bibliya/deyaniya-apostolov/17 \" }, { name: \" Деяния 18 \", url: \"http://bible.ws.ua/bibliya/deyaniya-apostolov/18 \" }, { name: \" Деяния 19 \", url: \"http://bible.ws.ua/bibliya/deyaniya-apostolov/19 \" }, { name: \" Деяния 20 \", url: \"http://bible.ws.ua/bibliya/deyaniya-apostolov/20 \" }, { name: \" Деяния 21 \", url: \"http://bible.ws.ua/bibliya/deyaniya-apostolov/21 \" }, { name: \" Деяния 22 \", url: \"http://bible.ws.ua/bibliya/deyaniya-apostolov/22 \" }, { name: \" Деяния 23 \", url: \"http://bible.ws.ua/bibliya/deyaniya-apostolov/23 \" }, { name: \" Деяния 24 \", url: \"http://bible.ws.ua/bibliya/deyaniya-apostolov/24 \" }, { name: \" Деяния 25 \", url: \"http://bible.ws.ua/bibliya/deyaniya-apostolov/25 \" }, { name: \" Деяния 26 \", url: \"http://bible.ws.ua/bibliya/deyaniya-apostolov/26 \" }, { name: \" Деяния 27 \", url: \"http://bible.ws.ua/bibliya/deyaniya-apostolov/27 \" }, { name: \" Деяния 28 \", url: \"http://bible.ws.ua/bibliya/deyaniya-apostolov/28 \" }, { name: \" Римлянам 1 \", url: \"http://bible.ws.ua/bibliya/poslanie-k-rimlyanam/1 \" }, { name: \" Римлянам 2 \", url: \"http://bible.ws.ua/bibliya/poslanie-k-rimlyanam/2 \" }, { name: \" Римлянам 3 \", url: \"http://bible.ws.ua/bibliya/poslanie-k-rimlyanam/3 \" }, { name: \" Римлянам 4 \", url: \"http://bible.ws.ua/bibliya/poslanie-k-rimlyanam/4 \" }, { name: \" Римлянам 5 \", url: \"http://bible.ws.ua/bibliya/poslanie-k-rimlyanam/5 \" }, { name: \" Римлянам 6 \", url: \"http://bible.ws.ua/bibliya/poslanie-k-rimlyanam/6 \" }, { name: \" Римлянам 7 \", url: \"http://bible.ws.ua/bibliya/poslanie-k-rimlyanam/7 \" }, { name: \" Римлянам 8 \", url: \"http://bible.ws.ua/bibliya/poslanie-k-rimlyanam/8 \" }, { name: \" Римлянам 9 \", url: \"http://bible.ws.ua/bibliya/poslanie-k-rimlyanam/9 \" }, { name: \" Римлянам 10 \", url: \"http://bible.ws.ua/bibliya/poslanie-k-rimlyanam/10 \" }, { name: \" Римлянам 11 \", url: \"http://bible.ws.ua/bibliya/poslanie-k-rimlyanam/11 \" }, { name: \" Римлянам 12 \", url: \"http://bible.ws.ua/bibliya/poslanie-k-rimlyanam/12 \" }, { name: \" Римлянам 13 \", url: \"http://bible.ws.ua/bibliya/poslanie-k-rimlyanam/13 \" }, { name: \" Римлянам 14 \", url: \"http://bible.ws.ua/bibliya/poslanie-k-rimlyanam/14 \" }, { name: \" Римлянам 15 \", url: \"http://bible.ws.ua/bibliya/poslanie-k-rimlyanam/15 \" }, { name: \" Римлянам 16 \", url: \"http://bible.ws.ua/bibliya/poslanie-k-rimlyanam/16 \" }, { name: \" 1 Коринфянам 1 \", url: \"http://bible.ws.ua/bibliya/1-e-poslanie-k-korinfyanam/1 \" }, { name: \" 1 Коринфянам 2 \", url: \"http://bible.ws.ua/bibliya/1-e-poslanie-k-korinfyanam/2 \" }, { name: \" 1 Коринфянам 3 \", url: \"http://bible.ws.ua/bibliya/1-e-poslanie-k-korinfyanam/3 \" }, { name: \" 1 Коринфянам 4 \", url: \"http://bible.ws.ua/bibliya/1-e-poslanie-k-korinfyanam/4 \" }, { name: \" 1 Коринфянам 5 \", url: \"http://bible.ws.ua/bibliya/1-e-poslanie-k-korinfyanam/5 \" }, { name: \" 1 Коринфянам 6 \", url: \"http://bible.ws.ua/bibliya/1-e-poslanie-k-korinfyanam/6 \" }, { name: \" 1 Коринфянам 7 \", url: \"http://bible.ws.ua/bibliya/1-e-poslanie-k-korinfyanam/7 \" }, { name: \" 1 Коринфянам 8 \", url: \"http://bible.ws.ua/bibliya/1-e-poslanie-k-korinfyanam/8 \" }, { name: \" 1 Коринфянам 9 \", url: \"http://bible.ws.ua/bibliya/1-e-poslanie-k-korinfyanam/9 \" }, { name: \" 1 Коринфянам 10 \", url: \"http://bible.ws.ua/bibliya/1-e-poslanie-k-korinfyanam/10 \" }, { name: \" 1 Коринфянам 11 \", url: \"http://bible.ws.ua/bibliya/1-e-poslanie-k-korinfyanam/11 \" }, { name: \" 1 Коринфянам 12 \", url: \"http://bible.ws.ua/bibliya/1-e-poslanie-k-korinfyanam/12 \" }, { name: \" 1 Коринфянам 13 \", url: \"http://bible.ws.ua/bibliya/1-e-poslanie-k-korinfyanam/13 \" }, { name: \" 1 Коринфянам 14 \", url: \"http://bible.ws.ua/bibliya/1-e-poslanie-k-korinfyanam/14 \" }, { name: \" 1 Коринфянам 15 \", url: \"http://bible.ws.ua/bibliya/1-e-poslanie-k-korinfyanam/15 \" }, { name: \" 1 Коринфянам 16 \", url: \"http://bible.ws.ua/bibliya/1-e-poslanie-k-korinfyanam/16 \" }, { name: \" 2 Коринфянам 1 \", url: \"http://bible.ws.ua/bibliya/2-e-poslanie-k-korinfyanam/1 \" }, { name: \" 2 Коринфянам 2 \", url: \"http://bible.ws.ua/bibliya/2-e-poslanie-k-korinfyanam/2 \" }, { name: \" 2 Коринфянам 3 \", url: \"http://bible.ws.ua/bibliya/2-e-poslanie-k-korinfyanam/3 \" }, { name: \" 2 Коринфянам 4 \", url: \"http://bible.ws.ua/bibliya/2-e-poslanie-k-korinfyanam/4 \" }, { name: \" 2 Коринфянам 5 \", url: \"http://bible.ws.ua/bibliya/2-e-poslanie-k-korinfyanam/5 \" }, { name: \" 2 Коринфянам 6 \", url: \"http://bible.ws.ua/bibliya/2-e-poslanie-k-korinfyanam/6 \" }, { name: \" 2 Коринфянам 7 \", url: \"http://bible.ws.ua/bibliya/2-e-poslanie-k-korinfyanam/7 \" }, { name: \" 2 Коринфянам 8 \", url: \"http://bible.ws.ua/bibliya/2-e-poslanie-k-korinfyanam/8 \" }, { name: \" 2 Коринфянам 9 \", url: \"http://bible.ws.ua/bibliya/2-e-poslanie-k-korinfyanam/9 \" }, { name: \" 2 Коринфянам 10 \", url: \"http://bible.ws.ua/bibliya/2-e-poslanie-k-korinfyanam/10 \" }, { name: \" 2 Коринфянам 11 \", url: \"http://bible.ws.ua/bibliya/2-e-poslanie-k-korinfyanam/11 \" }, { name: \" 2 Коринфянам 12 \", url: \"http://bible.ws.ua/bibliya/2-e-poslanie-k-korinfyanam/12 \" }, { name: \" 2 Коринфянам 13 \", url: \"http://bible.ws.ua/bibliya/2-e-poslanie-k-korinfyanam/13 \" }, { name: \" Галатам 1 \", url: \"http://bible.ws.ua/bibliya/poslanie-k-galatam/1 \" }, { name: \" Галатам 2 \", url: \"http://bible.ws.ua/bibliya/poslanie-k-galatam/2 \" }, { name: \" Галатам 3 \", url: \"http://bible.ws.ua/bibliya/poslanie-k-galatam/3 \" }, { name: \" Галатам 4 \", url: \"http://bible.ws.ua/bibliya/poslanie-k-galatam/4 \" }, { name: \" Галатам 5 \", url: \"http://bible.ws.ua/bibliya/poslanie-k-galatam/5 \" }, { name: \" Галатам 6 \", url: \"http://bible.ws.ua/bibliya/poslanie-k-galatam/6 \" }, { name: \" Ефесянам 1 \", url: \"http://bible.ws.ua/bibliya/poslanie-k-efesyanam/1 \" }, { name: \" Ефесянам 2 \", url: \"http://bible.ws.ua/bibliya/poslanie-k-efesyanam/2 \" }, { name: \" Ефесянам 3 \", url: \"http://bible.ws.ua/bibliya/poslanie-k-efesyanam/3 \" }, { name: \" Ефесянам 4 \", url: \"http://bible.ws.ua/bibliya/poslanie-k-efesyanam/4 \" }, { name: \" Ефесянам 5 \", url: \"http://bible.ws.ua/bibliya/poslanie-k-efesyanam/5 \" }, { name: \" Ефесянам 6 \", url: \"http://bible.ws.ua/bibliya/poslanie-k-efesyanam/6 \" }, { name: \" Филиппийцам 1 \", url: \"http://bible.ws.ua/bibliya/poslanie-k-filipijtsam/1 \" }, { name: \" Филиппийцам 2 \", url: \"http://bible.ws.ua/bibliya/poslanie-k-filipijtsam/2 \" }, { name: \" Филиппийцам 3 \", url: \"http://bible.ws.ua/bibliya/poslanie-k-filipijtsam/3 \" }, { name: \" Филиппийцам 4 \", url: \"http://bible.ws.ua/bibliya/poslanie-k-filipijtsam/4 \" }, { name: \" Колоссянам 1 \", url: \"http://bible.ws.ua/bibliya/poslanie-k-kolossyanam/1 \" }, { name: \" Колоссянам 2 \", url: \"http://bible.ws.ua/bibliya/poslanie-k-kolossyanam/2 \" }, { name: \" Колоссянам 3 \", url: \"http://bible.ws.ua/bibliya/poslanie-k-kolossyanam/3 \" }, { name: \" Колоссянам 4 \", url: \"http://bible.ws.ua/bibliya/poslanie-k-kolossyanam/4 \" }, { name: \" 1 Фессалоникийцам 1 \", url: \"http://bible.ws.ua/bibliya/1-e-poslanie-k-fessalonikijtsam/1 \" }, { name: \" 1 Фессалоникийцам 2 \", url: \"http://bible.ws.ua/bibliya/1-e-poslanie-k-fessalonikijtsam/2 \" }, { name: \" 1 Фессалоникийцам 3 \", url: \"http://bible.ws.ua/bibliya/1-e-poslanie-k-fessalonikijtsam/3 \" }, { name: \" 1 Фессалоникийцам 4 \", url: \"http://bible.ws.ua/bibliya/1-e-poslanie-k-fessalonikijtsam/4 \" }, { name: \" 1 Фессалоникийцам 5 \", url: \"http://bible.ws.ua/bibliya/1-e-poslanie-k-fessalonikijtsam/5 \" }, { name: \" 2 Фессалоникийцам 1 \", url: \"http://bible.ws.ua/bibliya/2-e-poslanie-k-fessalonikijtsam/1 \" }, { name: \" 2 Фессалоникийцам 2 \", url: \"http://bible.ws.ua/bibliya/2-e-poslanie-k-fessalonikijtsam/2 \" }, { name: \" 2 Фессалоникийцам 3 \", url: \"http://bible.ws.ua/bibliya/2-e-poslanie-k-fessalonikijtsam/3 \" }, { name: \" 1 Тимофею 1 \", url: \"http://bible.ws.ua/bibliya/1-e-poslanie-k-timofeyu/1 \" }, { name: \" 1 Тимофею 2 \", url: \"http://bible.ws.ua/bibliya/1-e-poslanie-k-timofeyu/2 \" }, { name: \" 1 Тимофею 3 \", url: \"http://bible.ws.ua/bibliya/1-e-poslanie-k-timofeyu/3 \" }, { name: \" 1 Тимофею 4 \", url: \"http://bible.ws.ua/bibliya/1-e-poslanie-k-timofeyu/4 \" }, { name: \" 1 Тимофею 5 \", url: \"http://bible.ws.ua/bibliya/1-e-poslanie-k-timofeyu/5 \" }, { name: \" 1 Тимофею 6 \", url: \"http://bible.ws.ua/bibliya/1-e-poslanie-k-timofeyu/6 \" }, { name: \" 2 Тимофею 1 \", url: \"http://bible.ws.ua/bibliya/2-e-poslanie-k-timofeyu/1 \" }, { name: \" 2 Тимофею 2 \", url: \"http://bible.ws.ua/bibliya/2-e-poslanie-k-timofeyu/2 \" }, { name: \" 2 Тимофею 3 \", url: \"http://bible.ws.ua/bibliya/2-e-poslanie-k-timofeyu/3 \" }, { name: \" 2 Тимофею 4 \", url: \"http://bible.ws.ua/bibliya/2-e-poslanie-k-timofeyu/4 \" }, { name: \" Титу 1 \", url: \"http://bible.ws.ua/bibliya/poslanie-k-titu/1 \" }, { name: \" Титу 2 \", url: \"http://bible.ws.ua/bibliya/poslanie-k-titu/2 \" }, { name: \" Титу 3 \", url: \"http://bible.ws.ua/bibliya/poslanie-k-titu/3 \" }, { name: \" Филимону  \", url: \"http://bible.ws.ua/bibliya/poslanie-k-filimonu/1 \" }, { name: \" Евреям 1 \", url: \"http://bible.ws.ua/bibliya/poslanie-k-evreyam/1 \" }, { name: \" Евреям 2 \", url: \"http://bible.ws.ua/bibliya/poslanie-k-evreyam/2 \" }, { name: \" Евреям 3 \", url: \"http://bible.ws.ua/bibliya/poslanie-k-evreyam/3 \" }, { name: \" Евреям 4 \", url: \"http://bible.ws.ua/bibliya/poslanie-k-evreyam/4 \" }, { name: \" Евреям 5 \", url: \"http://bible.ws.ua/bibliya/poslanie-k-evreyam/5 \" }, { name: \" Евреям 6 \", url: \"http://bible.ws.ua/bibliya/poslanie-k-evreyam/6 \" }, { name: \" Евреям 7 \", url: \"http://bible.ws.ua/bibliya/poslanie-k-evreyam/7 \" }, { name: \" Евреям 8 \", url: \"http://bible.ws.ua/bibliya/poslanie-k-evreyam/8 \" }, { name: \" Евреям 9 \", url: \"http://bible.ws.ua/bibliya/poslanie-k-evreyam/9 \" }, { name: \" Евреям 10 \", url: \"http://bible.ws.ua/bibliya/poslanie-k-evreyam/10 \" }, { name: \" Евреям 11 \", url: \"http://bible.ws.ua/bibliya/poslanie-k-evreyam/11 \" }, { name: \" Евреям 12 \", url: \"http://bible.ws.ua/bibliya/poslanie-k-evreyam/12 \" }, { name: \" Евреям 13 \", url: \"http://bible.ws.ua/bibliya/poslanie-k-evreyam/13 \" }, { name: \" Иакова 1 \", url: \"http://bible.ws.ua/bibliya/poslanie-iakova/1 \" }, { name: \" Иакова 2 \", url: \"http://bible.ws.ua/bibliya/poslanie-iakova/2 \" }, { name: \" Иакова 3 \", url: \"http://bible.ws.ua/bibliya/poslanie-iakova/3 \" }, { name: \" Иакова 4 \", url: \"http://bible.ws.ua/bibliya/poslanie-iakova/4 \" }, { name: \" Иакова 5 \", url: \"http://bible.ws.ua/bibliya/poslanie-iakova/5 \" }, { name: \" 1 Петра 1 \", url: \"http://bible.ws.ua/bibliya/1-e-poslanie-petra/1 \" }, { name: \" 1 Петра 2 \", url: \"http://bible.ws.ua/bibliya/1-e-poslanie-petra/2 \" }, { name: \" 1 Петра 3 \", url: \"http://bible.ws.ua/bibliya/1-e-poslanie-petra/3 \" }, { name: \" 1 Петра 4 \", url: \"http://bible.ws.ua/bibliya/1-e-poslanie-petra/4 \" }, { name: \" 1 Петра 5 \", url: \"http://bible.ws.ua/bibliya/1-e-poslanie-petra/5 \" }, { name: \" 2 Петра 1 \", url: \"http://bible.ws.ua/bibliya/2-e-poslanie-petra/1 \" }, { name: \" 2 Петра 2 \", url: \"http://bible.ws.ua/bibliya/2-e-poslanie-petra/2 \" }, { name: \" 2 Петра 3 \", url: \"http://bible.ws.ua/bibliya/2-e-poslanie-petra/3 \" }, { name: \" 1 Иоанна 1 \", url: \"http://bible.ws.ua/bibliya/1-e-poslanie-ioanna/1 \" }, { name: \" 1 Иоанна 2 \", url: \"http://bible.ws.ua/bibliya/1-e-poslanie-ioanna/2 \" }, { name: \" 1 Иоанна 3 \", url: \"http://bible.ws.ua/bibliya/1-e-poslanie-ioanna/3 \" }, { name: \" 1 Иоанна 4 \", url: \"http://bible.ws.ua/bibliya/1-e-poslanie-ioanna/4 \" }, { name: \" 1 Иоанна 5 \", url: \"http://bible.ws.ua/bibliya/1-e-poslanie-ioanna/5 \" }, { name: \" 2 Иоанна  \", url: \"http://bible.ws.ua/bibliya/2-e-poslanie-ioanna/1 \" }, { name: \" 3 Иоанна  \", url: \"http://bible.ws.ua/bibliya/3-e-poslanie-ioanna/1 \" }, { name: \" Иуды  \", url: \"http://bible.ws.ua/bibliya/poslanie-iudy/1 \" }, { name: \" Откровение 1 \", url: \"http://bible.ws.ua/bibliya/otkrovenie/1 \" }, { name: \" Откровение 2 \", url: \"http://bible.ws.ua/bibliya/otkrovenie/2 \" }, { name: \" Откровение 3 \", url: \"http://bible.ws.ua/bibliya/otkrovenie/3 \" }, { name: \" Откровение 4 \", url: \"http://bible.ws.ua/bibliya/otkrovenie/4 \" }, { name: \" Откровение 5 \", url: \"http://bible.ws.ua/bibliya/otkrovenie/5 \" }, { name: \" Откровение 6 \", url: \"http://bible.ws.ua/bibliya/otkrovenie/6 \" }, { name: \" Откровение 7 \", url: \"http://bible.ws.ua/bibliya/otkrovenie/7 \" }, { name: \" Откровение 8 \", url: \"http://bible.ws.ua/bibliya/otkrovenie/8 \" }, { name: \" Откровение 9 \", url: \"http://bible.ws.ua/bibliya/otkrovenie/9 \" }, { name: \" Откровение 10 \", url: \"http://bible.ws.ua/bibliya/otkrovenie/10 \" }, { name: \" Откровение 11 \", url: \"http://bible.ws.ua/bibliya/otkrovenie/11 \" }, { name: \" Откровение 12 \", url: \"http://bible.ws.ua/bibliya/otkrovenie/12 \" }, { name: \" Откровение 13 \", url: \"http://bible.ws.ua/bibliya/otkrovenie/13 \" }, { name: \" Откровение 14 \", url: \"http://bible.ws.ua/bibliya/otkrovenie/14 \" }, { name: \" Откровение 15 \", url: \"http://bible.ws.ua/bibliya/otkrovenie/15 \" }, { name: \" Откровение 16 \", url: \"http://bible.ws.ua/bibliya/otkrovenie/16 \" }, { name: \" Откровение 17 \", url: \"http://bible.ws.ua/bibliya/otkrovenie/17 \" }, { name: \" Откровение 18 \", url: \"http://bible.ws.ua/bibliya/otkrovenie/18 \" }, { name: \" Откровение 19 \", url: \"http://bible.ws.ua/bibliya/otkrovenie/19 \" }, { name: \" Откровение 20 \", url: \"http://bible.ws.ua/bibliya/otkrovenie/20 \" }, { name: \" Откровение 21 \", url: \"http://bible.ws.ua/bibliya/otkrovenie/21 \" }, { name: \" Откровение 22 \", url: \"http://bible.ws.ua/bibliya/otkrovenie/22 \" }, { name: \" Матфея 1 \", url: \"http://bible.ws.ua/bibliya/evangelie-po-matfeyu/1 \" }, { name: \" Матфея 2 \", url: \"http://bible.ws.ua/bibliya/evangelie-po-matfeyu/2 \" }, { name: \" Матфея 3 \", url: \"http://bible.ws.ua/bibliya/evangelie-po-matfeyu/3 \" }, { name: \" Матфея 4 \", url: \"http://bible.ws.ua/bibliya/evangelie-po-matfeyu/4 \" }, { name: \" Матфея 5 \", url: \"http://bible.ws.ua/bibliya/evangelie-po-matfeyu/5 \" }, { name: \" Матфея 6 \", url: \"http://bible.ws.ua/bibliya/evangelie-po-matfeyu/6 \" }, { name: \" Матфея 7 \", url: \"http://bible.ws.ua/bibliya/evangelie-po-matfeyu/7 \" }, { name: \" Матфея 8 \", url: \"http://bible.ws.ua/bibliya/evangelie-po-matfeyu/8 \" }, { name: \" Матфея 9 \", url: \"http://bible.ws.ua/bibliya/evangelie-po-matfeyu/9 \" }, { name: \" Матфея 10 \", url: \"http://bible.ws.ua/bibliya/evangelie-po-matfeyu/10 \" }, { name: \" Матфея 11 \", url: \"http://bible.ws.ua/bibliya/evangelie-po-matfeyu/11 \" }, { name: \" Матфея 12 \", url: \"http://bible.ws.ua/bibliya/evangelie-po-matfeyu/12 \" }, { name: \" Матфея 13 \", url: \"http://bible.ws.ua/bibliya/evangelie-po-matfeyu/13 \" }, { name: \" Матфея 14 \", url: \"http://bible.ws.ua/bibliya/evangelie-po-matfeyu/14 \" }, { name: \" Матфея 15 \", url: \"http://bible.ws.ua/bibliya/evangelie-po-matfeyu/15 \" }, { name: \" Матфея 16 \", url: \"http://bible.ws.ua/bibliya/evangelie-po-matfeyu/16 \" }, { name: \" Матфея 17 \", url: \"http://bible.ws.ua/bibliya/evangelie-po-matfeyu/17 \" }, { name: \" Матфея 18 \", url: \"http://bible.ws.ua/bibliya/evangelie-po-matfeyu/18 \" }, { name: \" Матфея 19 \", url: \"http://bible.ws.ua/bibliya/evangelie-po-matfeyu/19 \" }, { name: \" Матфея 20 \", url: \"http://bible.ws.ua/bibliya/evangelie-po-matfeyu/20 \" }, { name: \" Матфея 21 \", url: \"http://bible.ws.ua/bibliya/evangelie-po-matfeyu/21 \" }, { name: \" Матфея 22 \", url: \"http://bible.ws.ua/bibliya/evangelie-po-matfeyu/22 \" }, { name: \" Матфея 23 \", url: \"http://bible.ws.ua/bibliya/evangelie-po-matfeyu/23 \" }, { name: \" Матфея 24 \", url: \"http://bible.ws.ua/bibliya/evangelie-po-matfeyu/24 \" }, { name: \" Матфея 25 \", url: \"http://bible.ws.ua/bibliya/evangelie-po-matfeyu/25 \" }, { name: \" Матфея 26 \", url: \"http://bible.ws.ua/bibliya/evangelie-po-matfeyu/26 \" }, { name: \" Матфея 27 \", url: \"http://bible.ws.ua/bibliya/evangelie-po-matfeyu/27 \" }, { name: \" Матфея 28 \", url: \"http://bible.ws.ua/bibliya/evangelie-po-matfeyu/28 \" }, { name: \" Марка 1 \", url: \"http://bible.ws.ua/bibliya/evangelie-po-marku/1 \" }, { name: \" Марка 2 \", url: \"http://bible.ws.ua/bibliya/evangelie-po-marku/2 \" }, { name: \" Марка 3 \", url: \"http://bible.ws.ua/bibliya/evangelie-po-marku/3 \" }, { name: \" Марка 4 \", url: \"http://bible.ws.ua/bibliya/evangelie-po-marku/4 \" }, { name: \" Марка 5 \", url: \"http://bible.ws.ua/bibliya/evangelie-po-marku/5 \" }, { name: \" Марка 6 \", url: \"http://bible.ws.ua/bibliya/evangelie-po-marku/6 \" }, { name: \" Марка 7 \", url: \"http://bible.ws.ua/bibliya/evangelie-po-marku/7 \" }, { name: \" Марка 8 \", url: \"http://bible.ws.ua/bibliya/evangelie-po-marku/8 \" }, { name: \" Марка 9 \", url: \"http://bible.ws.ua/bibliya/evangelie-po-marku/9 \" }, { name: \" Марка 10 \", url: \"http://bible.ws.ua/bibliya/evangelie-po-marku/10 \" }, { name: \" Марка 11 \", url: \"http://bible.ws.ua/bibliya/evangelie-po-marku/11 \" }, { name: \" Марка 12 \", url: \"http://bible.ws.ua/bibliya/evangelie-po-marku/12 \" }, { name: \" Марка 13 \", url: \"http://bible.ws.ua/bibliya/evangelie-po-marku/13 \" }, { name: \" Марка 14 \", url: \"http://bible.ws.ua/bibliya/evangelie-po-marku/14 \" }, { name: \" Марка 15 \", url: \"http://bible.ws.ua/bibliya/evangelie-po-marku/15 \" }, { name: \" Марка 16 \", url: \"http://bible.ws.ua/bibliya/evangelie-po-marku/16 \" }, { name: \" Луки 1 \", url: \"http://bible.ws.ua/bibliya/evangelie-po-luke/1 \" }, { name: \" Луки 2 \", url: \"http://bible.ws.ua/bibliya/evangelie-po-luke/2 \" }, { name: \" Луки 3 \", url: \"http://bible.ws.ua/bibliya/evangelie-po-luke/3 \" }, { name: \" Луки 4 \", url: \"http://bible.ws.ua/bibliya/evangelie-po-luke/4 \" }, { name: \" Луки 5 \", url: \"http://bible.ws.ua/bibliya/evangelie-po-luke/5 \" }, { name: \" Луки 6 \", url: \"http://bible.ws.ua/bibliya/evangelie-po-luke/6 \" }, { name: \" Луки 7 \", url: \"http://bible.ws.ua/bibliya/evangelie-po-luke/7 \" }, { name: \" Луки 8 \", url: \"http://bible.ws.ua/bibliya/evangelie-po-luke/8 \" }, { name: \" Луки 9 \", url: \"http://bible.ws.ua/bibliya/evangelie-po-luke/9 \" }, { name: \" Луки 10 \", url: \"http://bible.ws.ua/bibliya/evangelie-po-luke/10 \" }, { name: \" Луки 11 \", url: \"http://bible.ws.ua/bibliya/evangelie-po-luke/11 \" }, { name: \" Луки 12 \", url: \"http://bible.ws.ua/bibliya/evangelie-po-luke/12 \" }, { name: \" Луки 13 \", url: \"http://bible.ws.ua/bibliya/evangelie-po-luke/13 \" }, { name: \" Луки 14 \", url: \"http://bible.ws.ua/bibliya/evangelie-po-luke/14 \" }, { name: \" Луки 15 \", url: \"http://bible.ws.ua/bibliya/evangelie-po-luke/15 \" }, { name: \" Луки 16 \", url: \"http://bible.ws.ua/bibliya/evangelie-po-luke/16 \" }, { name: \" Луки 17 \", url: \"http://bible.ws.ua/bibliya/evangelie-po-luke/17 \" }, { name: \" Луки 18 \", url: \"http://bible.ws.ua/bibliya/evangelie-po-luke/18 \" }, { name: \" Луки 19 \", url: \"http://bible.ws.ua/bibliya/evangelie-po-luke/19 \" }, { name: \" Луки 20 \", url: \"http://bible.ws.ua/bibliya/evangelie-po-luke/20 \" }, { name: \" Луки 21 \", url: \"http://bible.ws.ua/bibliya/evangelie-po-luke/21 \" }, { name: \" Луки 22 \", url: \"http://bible.ws.ua/bibliya/evangelie-po-luke/22 \" }, { name: \" Луки 23 \", url: \"http://bible.ws.ua/bibliya/evangelie-po-luke/23 \" }, { name: \" Луки 24 \", url: \"http://bible.ws.ua/bibliya/evangelie-po-luke/24 \" }, { name: \" Иоанна 1 \", url: \"http://bible.ws.ua/bibliya/evangelie-po-ioannu/1 \" }, { name: \" Иоанна 2 \", url: \"http://bible.ws.ua/bibliya/evangelie-po-ioannu/2 \" }, { name: \" Иоанна 3 \", url: \"http://bible.ws.ua/bibliya/evangelie-po-ioannu/3 \" }, { name: \" Иоанна 4 \", url: \"http://bible.ws.ua/bibliya/evangelie-po-ioannu/4 \" }, { name: \" Иоанна 5 \", url: \"http://bible.ws.ua/bibliya/evangelie-po-ioannu/5 \" }, { name: \" Иоанна 6 \", url: \"http://bible.ws.ua/bibliya/evangelie-po-ioannu/6 \" }, { name: \" Иоанна 7 \", url: \"http://bible.ws.ua/bibliya/evangelie-po-ioannu/7 \" }, { name: \" Иоанна 8 \", url: \"http://bible.ws.ua/bibliya/evangelie-po-ioannu/8 \" }, { name: \" Иоанна 9 \", url: \"http://bible.ws.ua/bibliya/evangelie-po-ioannu/9 \" }, { name: \" Иоанна 10 \", url: \"http://bible.ws.ua/bibliya/evangelie-po-ioannu/10 \" }, { name: \" Иоанна 11 \", url: \"http://bible.ws.ua/bibliya/evangelie-po-ioannu/11 \" }, { name: \" Иоанна 12 \", url: \"http://bible.ws.ua/bibliya/evangelie-po-ioannu/12 \" }, { name: \" Иоанна 13 \", url: \"http://bible.ws.ua/bibliya/evangelie-po-ioannu/13 \" }, { name: \" Иоанна 14 \", url: \"http://bible.ws.ua/bibliya/evangelie-po-ioannu/14 \" }, { name: \" Иоанна 15 \", url: \"http://bible.ws.ua/bibliya/evangelie-po-ioannu/15 \" }, { name: \" Иоанна 16 \", url: \"http://bible.ws.ua/bibliya/evangelie-po-ioannu/16 \" }, { name: \" Иоанна 17 \", url: \"http://bible.ws.ua/bibliya/evangelie-po-ioannu/17 \" }, { name: \" Иоанна 18 \", url: \"http://bible.ws.ua/bibliya/evangelie-po-ioannu/18 \" }, { name: \" Иоанна 19 \", url: \"http://bible.ws.ua/bibliya/evangelie-po-ioannu/19 \" }, { name: \" Иоанна 20 \", url: \"http://bible.ws.ua/bibliya/evangelie-po-ioannu/20 \" }, { name: \" Иоанна 21 \", url: \"http://bible.ws.ua/bibliya/evangelie-po-ioannu/21 \" }, { name: \" Деяния 1 \", url: \"http://bible.ws.ua/bibliya/deyaniya-apostolov/1 \" }, { name: \" Деяния 2 \", url: \"http://bible.ws.ua/bibliya/deyaniya-apostolov/2 \" }, { name: \" Деяния 3 \", url: \"http://bible.ws.ua/bibliya/deyaniya-apostolov/3 \" }, { name: \" Деяния 4 \", url: \"http://bible.ws.ua/bibliya/deyaniya-apostolov/4 \" }, { name: \" Деяния 5 \", url: \"http://bible.ws.ua/bibliya/deyaniya-apostolov/5 \" }, { name: \" Деяния 6 \", url: \"http://bible.ws.ua/bibliya/deyaniya-apostolov/6 \" }, { name: \" Деяния 7 \", url: \"http://bible.ws.ua/bibliya/deyaniya-apostolov/7 \" }, { name: \" Деяния 8 \", url: \"http://bible.ws.ua/bibliya/deyaniya-apostolov/8 \" }, { name: \" Деяния 9 \", url: \"http://bible.ws.ua/bibliya/deyaniya-apostolov/9 \" }, { name: \" Деяния 10 \", url: \"http://bible.ws.ua/bibliya/deyaniya-apostolov/10 \" }, { name: \" Деяния 11 \", url: \"http://bible.ws.ua/bibliya/deyaniya-apostolov/11 \" }, { name: \" Деяния 12 \", url: \"http://bible.ws.ua/bibliya/deyaniya-apostolov/12 \" }, { name: \" Деяния 13 \", url: \"http://bible.ws.ua/bibliya/deyaniya-apostolov/13 \" }, { name: \" Деяния 14 \", url: \"http://bible.ws.ua/bibliya/deyaniya-apostolov/14 \" }, { name: \" Деяния 15 \", url: \"http://bible.ws.ua/bibliya/deyaniya-apostolov/15 \" }, { name: \" Деяния 16 \", url: \"http://bible.ws.ua/bibliya/deyaniya-apostolov/16 \" }, { name: \" Деяния 17 \", url: \"http://bible.ws.ua/bibliya/deyaniya-apostolov/17 \" }];","ast":null,"map":{"version":3,"sources":["/DataRussianNew.js"],"names":[],"mappings":";AACA,IAAI,eAAe,GAAG,CAAE,EAAE,IAAI,EAAE,EAAE,EAAE,GAAG,EAAE,EAAE,EAAE,EACrC,EAAE,IAAI,EAAE,YAAY,EAAE,GAAG,EAAE,oDAAoD,EAAE,EACjF,EAAE,IAAI,EAAE,YAAY,EAAE,GAAG,EAAE,oDAAoD,EAAE,EACjF,EAAE,IAAI,EAAE,YAAY,EAAE,GAAG,EAAE,oDAAoD,EAAE,EACjF,EAAE,IAAI,EAAE,YAAY,EAAE,GAAG,EAAE,oDAAoD,EAAE,EACjF,EAAE,IAAI,EAAE,YAAY,EAAE,GAAG,EAAE,oDAAoD,EAAE,EACjF,EAAE,IAAI,EAAE,YAAY,EAAE,GAAG,EAAE,oDAAoD,EAAE,EACjF,EAAE,IAAI,EAAE,YAAY,EAAE,GAAG,EAAE,oDAAoD,EAAE,EACjF,EAAE,IAAI,EAAE,YAAY,EAAE,GAAG,EAAE,oDAAoD,EAAE,EACjF,EAAE,IAAI,EAAE,YAAY,EAAE,GAAG,EAAE,oDAAoD,EAAE,EACjF,EAAE,IAAI,EAAE,aAAa,EAAE,GAAG,EAAE,qDAAqD,EAAE,EACnF,EAAE,IAAI,EAAE,aAAa,EAAE,GAAG,EAAE,qDAAqD,EAAE,EACnF,EAAE,IAAI,EAAE,aAAa,EAAE,GAAG,EAAE,qDAAqD,EAAE,EACnF,EAAE,IAAI,EAAE,aAAa,EAAE,GAAG,EAAE,qDAAqD,EAAE,EACnF,EAAE,IAAI,EAAE,aAAa,EAAE,GAAG,EAAE,qDAAqD,EAAE,EACnF,EAAE,IAAI,EAAE,aAAa,EAAE,GAAG,EAAE,qDAAqD,EAAE,EACnF,EAAE,IAAI,EAAE,aAAa,EAAE,GAAG,EAAE,qDAAqD,EAAE,EACnF,EAAE,IAAI,EAAE,aAAa,EAAE,GAAG,EAAE,qDAAqD,EAAE,EACnF,EAAE,IAAI,EAAE,aAAa,EAAE,GAAG,EAAE,qDAAqD,EAAE,EACnF,EAAE,IAAI,EAAE,aAAa,EAAE,GAAG,EAAE,qDAAqD,EAAE,EACnF,EAAE,IAAI,EAAE,aAAa,EAAE,GAAG,EAAE,qDAAqD,EAAE,EACnF,EAAE,IAAI,EAAE,aAAa,EAAE,GAAG,EAAE,qDAAqD,EAAE,EACnF,EAAE,IAAI,EAAE,aAAa,EAAE,GAAG,EAAE,qDAAqD,EAAE,EACnF,EAAE,IAAI,EAAE,aAAa,EAAE,GAAG,EAAE,qDAAqD,EAAE,EACnF,EAAE,IAAI,EAAE,aAAa,EAAE,GAAG,EAAE,qDAAqD,EAAE,EACnF,EAAE,IAAI,EAAE,aAAa,EAAE,GAAG,EAAE,qDAAqD,EAAE,EACnF,EAAE,IAAI,EAAE,aAAa,EAAE,GAAG,EAAE,qDAAqD,EAAE,EACnF,EAAE,IAAI,EAAE,aAAa,EAAE,GAAG,EAAE,qDAAqD,EAAE,EACnF,EAAE,IAAI,EAAE,aAAa,EAAE,GAAG,EAAE,qDAAqD,EAAE,EACnF,EAAE,IAAI,EAAE,WAAW,EAAE,GAAG,EAAE,kDAAkD,EAAE,EAC9E,EAAE,IAAI,EAAE,WAAW,EAAE,GAAG,EAAE,kDAAkD,EAAE,EAC9E,EAAE,IAAI,EAAE,WAAW,EAAE,GAAG,EAAE,kDAAkD,EAAE,EAC9E,EAAE,IAAI,EAAE,WAAW,EAAE,GAAG,EAAE,kDAAkD,EAAE,EAC9E,EAAE,IAAI,EAAE,WAAW,EAAE,GAAG,EAAE,kDAAkD,EAAE,EAC9E,EAAE,IAAI,EAAE,WAAW,EAAE,GAAG,EAAE,kDAAkD,EAAE,EAC9E,EAAE,IAAI,EAAE,WAAW,EAAE,GAAG,EAAE,kDAAkD,EAAE,EAC9E,EAAE,IAAI,EAAE,WAAW,EAAE,GAAG,EAAE,kDAAkD,EAAE,EAC9E,EAAE,IAAI,EAAE,WAAW,EAAE,GAAG,EAAE,kDAAkD,EAAE,EAC9E,EAAE,IAAI,EAAE,YAAY,EAAE,GAAG,EAAE,mDAAmD,EAAE,EAChF,EAAE,IAAI,EAAE,YAAY,EAAE,GAAG,EAAE,mDAAmD,EAAE,EAChF,EAAE,IAAI,EAAE,YAAY,EAAE,GAAG,EAAE,mDAAmD,EAAE,EAChF,EAAE,IAAI,EAAE,YAAY,EAAE,GAAG,EAAE,mDAAmD,EAAE,EAChF,EAAE,IAAI,EAAE,YAAY,EAAE,GAAG,EAAE,mDAAmD,EAAE,EAChF,EAAE,IAAI,EAAE,YAAY,EAAE,GAAG,EAAE,mDAAmD,EAAE,EAChF,EAAE,IAAI,EAAE,YAAY,EAAE,GAAG,EAAE,mDAAmD,EAAE,EAChF,EAAE,IAAI,EAAE,UAAU,EAAE,GAAG,EAAE,iDAAiD,EAAE,EAC5E,EAAE,IAAI,EAAE,UAAU,EAAE,GAAG,EAAE,iDAAiD,EAAE,EAC5E,EAAE,IAAI,EAAE,UAAU,EAAE,GAAG,EAAE,iDAAiD,EAAE,EAC5E,EAAE,IAAI,EAAE,UAAU,EAAE,GAAG,EAAE,iDAAiD,EAAE,EAC5E,EAAE,IAAI,EAAE,UAAU,EAAE,GAAG,EAAE,iDAAiD,EAAE,EAC5E,EAAE,IAAI,EAAE,UAAU,EAAE,GAAG,EAAE,iDAAiD,EAAE,EAC5E,EAAE,IAAI,EAAE,UAAU,EAAE,GAAG,EAAE,iDAAiD,EAAE,EAC5E,EAAE,IAAI,EAAE,UAAU,EAAE,GAAG,EAAE,iDAAiD,EAAE,EAC5E,EAAE,IAAI,EAAE,UAAU,EAAE,GAAG,EAAE,iDAAiD,EAAE,EAC5E,EAAE,IAAI,EAAE,WAAW,EAAE,GAAG,EAAE,kDAAkD,EAAE,EAC9E,EAAE,IAAI,EAAE,WAAW,EAAE,GAAG,EAAE,kDAAkD,EAAE,EAC9E,EAAE,IAAI,EAAE,WAAW,EAAE,GAAG,EAAE,kDAAkD,EAAE,EAC9E,EAAE,IAAI,EAAE,WAAW,EAAE,GAAG,EAAE,kDAAkD,EAAE,EAC9E,EAAE,IAAI,EAAE,WAAW,EAAE,GAAG,EAAE,kDAAkD,EAAE,EAC9E,EAAE,IAAI,EAAE,WAAW,EAAE,GAAG,EAAE,kDAAkD,EAAE,EAC9E,EAAE,IAAI,EAAE,WAAW,EAAE,GAAG,EAAE,kDAAkD,EAAE,EAC9E,EAAE,IAAI,EAAE,WAAW,EAAE,GAAG,EAAE,kDAAkD,EAAE,EAC9E,EAAE,IAAI,EAAE,WAAW,EAAE,GAAG,EAAE,kDAAkD,EAAE,EAC9E,EAAE,IAAI,EAAE,WAAW,EAAE,GAAG,EAAE,kDAAkD,EAAE,EAC9E,EAAE,IAAI,EAAE,WAAW,EAAE,GAAG,EAAE,kDAAkD,EAAE,EAC9E,EAAE,IAAI,EAAE,WAAW,EAAE,GAAG,EAAE,kDAAkD,EAAE,EAC9E,EAAE,IAAI,EAAE,WAAW,EAAE,GAAG,EAAE,kDAAkD,EAAE,EAC9E,EAAE,IAAI,EAAE,WAAW,EAAE,GAAG,EAAE,kDAAkD,EAAE,EAC9E,EAAE,IAAI,EAAE,WAAW,EAAE,GAAG,EAAE,kDAAkD,EAAE,EAC9E,EAAE,IAAI,EAAE,YAAY,EAAE,GAAG,EAAE,mDAAmD,EAAE,EAChF,EAAE,IAAI,EAAE,YAAY,EAAE,GAAG,EAAE,mDAAmD,EAAE,EAChF,EAAE,IAAI,EAAE,YAAY,EAAE,GAAG,EAAE,mDAAmD,EAAE,EAChF,EAAE,IAAI,EAAE,YAAY,EAAE,GAAG,EAAE,mDAAmD,EAAE,EAChF,EAAE,IAAI,EAAE,YAAY,EAAE,GAAG,EAAE,mDAAmD,EAAE,EAChF,EAAE,IAAI,EAAE,YAAY,EAAE,GAAG,EAAE,mDAAmD,EAAE,EAChF,EAAE,IAAI,EAAE,YAAY,EAAE,GAAG,EAAE,mDAAmD,EAAE,EAChF,EAAE,IAAI,EAAE,YAAY,EAAE,GAAG,EAAE,mDAAmD,EAAE,EAChF,EAAE,IAAI,EAAE,YAAY,EAAE,GAAG,EAAE,mDAAmD,EAAE,EAChF,EAAE,IAAI,EAAE,aAAa,EAAE,GAAG,EAAE,oDAAoD,EAAE,EAClF,EAAE,IAAI,EAAE,aAAa,EAAE,GAAG,EAAE,oDAAoD,EAAE,EAClF,EAAE,IAAI,EAAE,aAAa,EAAE,GAAG,EAAE,oDAAoD,EAAE,EAClF,EAAE,IAAI,EAAE,aAAa,EAAE,GAAG,EAAE,oDAAoD,EAAE,EAClF,EAAE,IAAI,EAAE,aAAa,EAAE,GAAG,EAAE,oDAAoD,EAAE,EAClF,EAAE,IAAI,EAAE,aAAa,EAAE,GAAG,EAAE,oDAAoD,EAAE,EAClF,EAAE,IAAI,EAAE,aAAa,EAAE,GAAG,EAAE,oDAAoD,EAAE,EAClF,EAAE,IAAI,EAAE,aAAa,EAAE,GAAG,EAAE,oDAAoD,EAAE,EAClF,EAAE,IAAI,EAAE,aAAa,EAAE,GAAG,EAAE,oDAAoD,EAAE,EAClF,EAAE,IAAI,EAAE,aAAa,EAAE,GAAG,EAAE,oDAAoD,EAAE,EAClF,EAAE,IAAI,EAAE,aAAa,EAAE,GAAG,EAAE,oDAAoD,EAAE,EAClF,EAAE,IAAI,EAAE,aAAa,EAAE,GAAG,EAAE,oDAAoD,EAAE,EAClF,EAAE,IAAI,EAAE,YAAY,EAAE,GAAG,EAAE,kDAAkD,EAAE,EAC/E,EAAE,IAAI,EAAE,YAAY,EAAE,GAAG,EAAE,kDAAkD,EAAE,EAC/E,EAAE,IAAI,EAAE,YAAY,EAAE,GAAG,EAAE,kDAAkD,EAAE,EAC/E,EAAE,IAAI,EAAE,YAAY,EAAE,GAAG,EAAE,kDAAkD,EAAE,EAC/E,EAAE,IAAI,EAAE,YAAY,EAAE,GAAG,EAAE,kDAAkD,EAAE,EAC/E,EAAE,IAAI,EAAE,YAAY,EAAE,GAAG,EAAE,kDAAkD,EAAE,EAC/E,EAAE,IAAI,EAAE,YAAY,EAAE,GAAG,EAAE,kDAAkD,EAAE,EAC/E,EAAE,IAAI,EAAE,YAAY,EAAE,GAAG,EAAE,kDAAkD,EAAE,EAC/E,EAAE,IAAI,EAAE,YAAY,EAAE,GAAG,EAAE,kDAAkD,EAAE,EAC/E,EAAE,IAAI,EAAE,aAAa,EAAE,GAAG,EAAE,mDAAmD,EAAE,EACjF,EAAE,IAAI,EAAE,aAAa,EAAE,GAAG,EAAE,mDAAmD,EAAE,EACjF,EAAE,IAAI,EAAE,aAAa,EAAE,GAAG,EAAE,mDAAmD,EAAE,EACjF,EAAE,IAAI,EAAE,aAAa,EAAE,GAAG,EAAE,mDAAmD,EAAE,EACjF,EAAE,IAAI,EAAE,aAAa,EAAE,GAAG,EAAE,mDAAmD,EAAE,EACjF,EAAE,IAAI,EAAE,aAAa,EAAE,GAAG,EAAE,mDAAmD,EAAE,EACjF,EAAE,IAAI,EAAE,aAAa,EAAE,GAAG,EAAE,mDAAmD,EAAE,EACjF,EAAE,IAAI,EAAE,aAAa,EAAE,GAAG,EAAE,mDAAmD,EAAE,EACjF,EAAE,IAAI,EAAE,aAAa,EAAE,GAAG,EAAE,mDAAmD,EAAE,EACjF,EAAE,IAAI,EAAE,aAAa,EAAE,GAAG,EAAE,mDAAmD,EAAE,EACjF,EAAE,IAAI,EAAE,aAAa,EAAE,GAAG,EAAE,mDAAmD,EAAE,EACjF,EAAE,IAAI,EAAE,aAAa,EAAE,GAAG,EAAE,mDAAmD,EAAE,EACjF,EAAE,IAAI,EAAE,aAAa,EAAE,GAAG,EAAE,mDAAmD,EAAE,EACjF,EAAE,IAAI,EAAE,aAAa,EAAE,GAAG,EAAE,mDAAmD,EAAE,EACjF,EAAE,IAAI,EAAE,aAAa,EAAE,GAAG,EAAE,mDAAmD,EAAE,EACjF,EAAE,IAAI,EAAE,aAAa,EAAE,GAAG,EAAE,mDAAmD,EAAE,EACjF,EAAE,IAAI,EAAE,aAAa,EAAE,GAAG,EAAE,mDAAmD,EAAE,EACjF,EAAE,IAAI,EAAE,aAAa,EAAE,GAAG,EAAE,mDAAmD,EAAE,EACjF,EAAE,IAAI,EAAE,aAAa,EAAE,GAAG,EAAE,mDAAmD,EAAE,EACjF,EAAE,IAAI,EAAE,cAAc,EAAE,GAAG,EAAE,oDAAoD,EAAE,EACnF,EAAE,IAAI,EAAE,cAAc,EAAE,GAAG,EAAE,oDAAoD,EAAE,EACnF,EAAE,IAAI,EAAE,cAAc,EAAE,GAAG,EAAE,oDAAoD,EAAE,EACnF,EAAE,IAAI,EAAE,cAAc,EAAE,GAAG,EAAE,oDAAoD,EAAE,EACnF,EAAE,IAAI,EAAE,cAAc,EAAE,GAAG,EAAE,oDAAoD,EAAE,EACnF,EAAE,IAAI,EAAE,cAAc,EAAE,GAAG,EAAE,oDAAoD,EAAE,EACnF,EAAE,IAAI,EAAE,cAAc,EAAE,GAAG,EAAE,oDAAoD,EAAE,EACnF,EAAE,IAAI,EAAE,cAAc,EAAE,GAAG,EAAE,oDAAoD,EAAE,EACnF,EAAE,IAAI,EAAE,cAAc,EAAE,GAAG,EAAE,oDAAoD,EAAE,EACnF,EAAE,IAAI,EAAE,eAAe,EAAE,GAAG,EAAE,qDAAqD,EAAE,EACrF,EAAE,IAAI,EAAE,eAAe,EAAE,GAAG,EAAE,qDAAqD,EAAE,EACrF,EAAE,IAAI,EAAE,eAAe,EAAE,GAAG,EAAE,qDAAqD,EAAE,EACrF,EAAE,IAAI,EAAE,eAAe,EAAE,GAAG,EAAE,qDAAqD,EAAE,EACrF,EAAE,IAAI,EAAE,eAAe,EAAE,GAAG,EAAE,qDAAqD,EAAE,EACrF,EAAE,IAAI,EAAE,eAAe,EAAE,GAAG,EAAE,qDAAqD,EAAE,EACrF,EAAE,IAAI,EAAE,eAAe,EAAE,GAAG,EAAE,qDAAqD,EAAE,EACrF,EAAE,IAAI,EAAE,kBAAkB,EAAE,GAAG,EAAE,0DAA0D,EAAE,EAC7F,EAAE,IAAI,EAAE,kBAAkB,EAAE,GAAG,EAAE,0DAA0D,EAAE,EAC7F,EAAE,IAAI,EAAE,kBAAkB,EAAE,GAAG,EAAE,0DAA0D,EAAE,EAC7F,EAAE,IAAI,EAAE,kBAAkB,EAAE,GAAG,EAAE,0DAA0D,EAAE,EAC7F,EAAE,IAAI,EAAE,kBAAkB,EAAE,GAAG,EAAE,0DAA0D,EAAE,EAC7F,EAAE,IAAI,EAAE,kBAAkB,EAAE,GAAG,EAAE,0DAA0D,EAAE,EAC7F,EAAE,IAAI,EAAE,kBAAkB,EAAE,GAAG,EAAE,0DAA0D,EAAE,EAC7F,EAAE,IAAI,EAAE,kBAAkB,EAAE,GAAG,EAAE,0DAA0D,EAAE,EAC7F,EAAE,IAAI,EAAE,kBAAkB,EAAE,GAAG,EAAE,0DAA0D,EAAE,EAC7F,EAAE,IAAI,EAAE,mBAAmB,EAAE,GAAG,EAAE,2DAA2D,EAAE,EAC/F,EAAE,IAAI,EAAE,mBAAmB,EAAE,GAAG,EAAE,2DAA2D,EAAE,EAC/F,EAAE,IAAI,EAAE,mBAAmB,EAAE,GAAG,EAAE,2DAA2D,EAAE,EAC/F,EAAE,IAAI,EAAE,mBAAmB,EAAE,GAAG,EAAE,2DAA2D,EAAE,EAC/F,EAAE,IAAI,EAAE,mBAAmB,EAAE,GAAG,EAAE,2DAA2D,EAAE,EAC/F,EAAE,IAAI,EAAE,mBAAmB,EAAE,GAAG,EAAE,2DAA2D,EAAE,EAC/F,EAAE,IAAI,EAAE,mBAAmB,EAAE,GAAG,EAAE,2DAA2D,EAAE,EAC/F,EAAE,IAAI,EAAE,kBAAkB,EAAE,GAAG,EAAE,0DAA0D,EAAE,EAC7F,EAAE,IAAI,EAAE,kBAAkB,EAAE,GAAG,EAAE,0DAA0D,EAAE,EAC7F,EAAE,IAAI,EAAE,kBAAkB,EAAE,GAAG,EAAE,0DAA0D,EAAE,EAC7F,EAAE,IAAI,EAAE,kBAAkB,EAAE,GAAG,EAAE,0DAA0D,EAAE,EAC7F,EAAE,IAAI,EAAE,kBAAkB,EAAE,GAAG,EAAE,0DAA0D,EAAE,EAC7F,EAAE,IAAI,EAAE,kBAAkB,EAAE,GAAG,EAAE,0DAA0D,EAAE,EAC7F,EAAE,IAAI,EAAE,kBAAkB,EAAE,GAAG,EAAE,0DAA0D,EAAE,EAC7F,EAAE,IAAI,EAAE,kBAAkB,EAAE,GAAG,EAAE,0DAA0D,EAAE,EAC7F,EAAE,IAAI,EAAE,kBAAkB,EAAE,GAAG,EAAE,0DAA0D,EAAE,EAC7F,EAAE,IAAI,EAAE,mBAAmB,EAAE,GAAG,EAAE,2DAA2D,EAAE,EAC/F,EAAE,IAAI,EAAE,mBAAmB,EAAE,GAAG,EAAE,2DAA2D,EAAE,EAC/F,EAAE,IAAI,EAAE,mBAAmB,EAAE,GAAG,EAAE,2DAA2D,EAAE,EAC/F,EAAE,IAAI,EAAE,mBAAmB,EAAE,GAAG,EAAE,2DAA2D,EAAE,EAC/F,EAAE,IAAI,EAAE,aAAa,EAAE,GAAG,EAAE,kDAAkD,EAAE,EAChF,EAAE,IAAI,EAAE,aAAa,EAAE,GAAG,EAAE,kDAAkD,EAAE,EAChF,EAAE,IAAI,EAAE,aAAa,EAAE,GAAG,EAAE,kDAAkD,EAAE,EAChF,EAAE,IAAI,EAAE,aAAa,EAAE,GAAG,EAAE,kDAAkD,EAAE,EAChF,EAAE,IAAI,EAAE,aAAa,EAAE,GAAG,EAAE,kDAAkD,EAAE,EAChF,EAAE,IAAI,EAAE,aAAa,EAAE,GAAG,EAAE,kDAAkD,EAAE,EAChF,EAAE,IAAI,EAAE,cAAc,EAAE,GAAG,EAAE,oDAAoD,EAAE,EACnF,EAAE,IAAI,EAAE,cAAc,EAAE,GAAG,EAAE,oDAAoD,EAAE,EACnF,EAAE,IAAI,EAAE,cAAc,EAAE,GAAG,EAAE,oDAAoD,EAAE,EACnF,EAAE,IAAI,EAAE,cAAc,EAAE,GAAG,EAAE,oDAAoD,EAAE,EACnF,EAAE,IAAI,EAAE,cAAc,EAAE,GAAG,EAAE,oDAAoD,EAAE,EACnF,EAAE,IAAI,EAAE,cAAc,EAAE,GAAG,EAAE,oDAAoD,EAAE,EACnF,EAAE,IAAI,EAAE,iBAAiB,EAAE,GAAG,EAAE,sDAAsD,EAAE,EACxF,EAAE,IAAI,EAAE,iBAAiB,EAAE,GAAG,EAAE,sDAAsD,EAAE,EACxF,EAAE,IAAI,EAAE,iBAAiB,EAAE,GAAG,EAAE,sDAAsD,EAAE,EACxF,EAAE,IAAI,EAAE,iBAAiB,EAAE,GAAG,EAAE,sDAAsD,EAAE,EACxF,EAAE,IAAI,EAAE,gBAAgB,EAAE,GAAG,EAAE,sDAAsD,EAAE,EACvF,EAAE,IAAI,EAAE,gBAAgB,EAAE,GAAG,EAAE,sDAAsD,EAAE,EACvF,EAAE,IAAI,EAAE,gBAAgB,EAAE,GAAG,EAAE,sDAAsD,EAAE,EACvF,EAAE,IAAI,EAAE,gBAAgB,EAAE,GAAG,EAAE,sDAAsD,EAAE,EACvF,EAAE,IAAI,EAAE,uBAAuB,EAAE,GAAG,EAAE,+DAA+D,EAAE,EACvG,EAAE,IAAI,EAAE,uBAAuB,EAAE,GAAG,EAAE,+DAA+D,EAAE,EACvG,EAAE,IAAI,EAAE,uBAAuB,EAAE,GAAG,EAAE,+DAA+D,EAAE,EACvG,EAAE,IAAI,EAAE,uBAAuB,EAAE,GAAG,EAAE,+DAA+D,EAAE,EACvG,EAAE,IAAI,EAAE,uBAAuB,EAAE,GAAG,EAAE,+DAA+D,EAAE,EACvG,EAAE,IAAI,EAAE,uBAAuB,EAAE,GAAG,EAAE,+DAA+D,EAAE,EACvG,EAAE,IAAI,EAAE,uBAAuB,EAAE,GAAG,EAAE,+DAA+D,EAAE,EACvG,EAAE,IAAI,EAAE,uBAAuB,EAAE,GAAG,EAAE,+DAA+D,EAAE,EACvG,EAAE,IAAI,EAAE,eAAe,EAAE,GAAG,EAAE,uDAAuD,EAAE,EACvF,EAAE,IAAI,EAAE,eAAe,EAAE,GAAG,EAAE,uDAAuD,EAAE,EACvF,EAAE,IAAI,EAAE,eAAe,EAAE,GAAG,EAAE,uDAAuD,EAAE,EACvF,EAAE,IAAI,EAAE,eAAe,EAAE,GAAG,EAAE,uDAAuD,EAAE,EACvF,EAAE,IAAI,EAAE,eAAe,EAAE,GAAG,EAAE,uDAAuD,EAAE,EACvF,EAAE,IAAI,EAAE,eAAe,EAAE,GAAG,EAAE,uDAAuD,EAAE,EACvF,EAAE,IAAI,EAAE,eAAe,EAAE,GAAG,EAAE,uDAAuD,EAAE,EACvF,EAAE,IAAI,EAAE,eAAe,EAAE,GAAG,EAAE,uDAAuD,EAAE,EACvF,EAAE,IAAI,EAAE,eAAe,EAAE,GAAG,EAAE,uDAAuD,EAAE,EACvF,EAAE,IAAI,EAAE,eAAe,EAAE,GAAG,EAAE,uDAAuD,EAAE,EACvF,EAAE,IAAI,EAAE,UAAU,EAAE,GAAG,EAAE,+CAA+C,EAAE,EAC1E,EAAE,IAAI,EAAE,UAAU,EAAE,GAAG,EAAE,+CAA+C,EAAE,EAC1E,EAAE,IAAI,EAAE,UAAU,EAAE,GAAG,EAAE,+CAA+C,EAAE,EAC1E,EAAE,IAAI,EAAE,aAAa,EAAE,GAAG,EAAE,mDAAmD,EAAE,EACjF,EAAE,IAAI,EAAE,YAAY,EAAE,GAAG,EAAE,kDAAkD,EAAE,EAC/E,EAAE,IAAI,EAAE,YAAY,EAAE,GAAG,EAAE,kDAAkD,EAAE,EAC/E,EAAE,IAAI,EAAE,YAAY,EAAE,GAAG,EAAE,kDAAkD,EAAE,EAC/E,EAAE,IAAI,EAAE,YAAY,EAAE,GAAG,EAAE,kDAAkD,EAAE,EAC/E,EAAE,IAAI,EAAE,YAAY,EAAE,GAAG,EAAE,kDAAkD,EAAE,EAC/E,EAAE,IAAI,EAAE,YAAY,EAAE,GAAG,EAAE,kDAAkD,EAAE,EAC/E,EAAE,IAAI,EAAE,YAAY,EAAE,GAAG,EAAE,kDAAkD,EAAE,EAC/E,EAAE,IAAI,EAAE,YAAY,EAAE,GAAG,EAAE,kDAAkD,EAAE,EAC/E,EAAE,IAAI,EAAE,YAAY,EAAE,GAAG,EAAE,kDAAkD,EAAE,EAC/E,EAAE,IAAI,EAAE,aAAa,EAAE,GAAG,EAAE,mDAAmD,EAAE,EACjF,EAAE,IAAI,EAAE,aAAa,EAAE,GAAG,EAAE,mDAAmD,EAAE,EACjF,EAAE,IAAI,EAAE,aAAa,EAAE,GAAG,EAAE,mDAAmD,EAAE,EACjF,EAAE,IAAI,EAAE,aAAa,EAAE,GAAG,EAAE,mDAAmD,EAAE,EACjF,EAAE,IAAI,EAAE,YAAY,EAAE,GAAG,EAAE,+CAA+C,EAAE,EAC5E,EAAE,IAAI,EAAE,YAAY,EAAE,GAAG,EAAE,+CAA+C,EAAE,EAC5E,EAAE,IAAI,EAAE,YAAY,EAAE,GAAG,EAAE,+CAA+C,EAAE,EAC5E,EAAE,IAAI,EAAE,YAAY,EAAE,GAAG,EAAE,+CAA+C,EAAE,EAC5E,EAAE,IAAI,EAAE,YAAY,EAAE,GAAG,EAAE,+CAA+C,EAAE,EAC5E,EAAE,IAAI,EAAE,aAAa,EAAE,GAAG,EAAE,kDAAkD,EAAE,EAChF,EAAE,IAAI,EAAE,aAAa,EAAE,GAAG,EAAE,kDAAkD,EAAE,EAChF,EAAE,IAAI,EAAE,aAAa,EAAE,GAAG,EAAE,kDAAkD,EAAE,EAChF,EAAE,IAAI,EAAE,aAAa,EAAE,GAAG,EAAE,kDAAkD,EAAE,EAChF,EAAE,IAAI,EAAE,aAAa,EAAE,GAAG,EAAE,kDAAkD,EAAE,EAChF,EAAE,IAAI,EAAE,aAAa,EAAE,GAAG,EAAE,kDAAkD,EAAE,EAChF,EAAE,IAAI,EAAE,aAAa,EAAE,GAAG,EAAE,kDAAkD,EAAE,EAChF,EAAE,IAAI,EAAE,aAAa,EAAE,GAAG,EAAE,kDAAkD,EAAE,EAChF,EAAE,IAAI,EAAE,cAAc,EAAE,GAAG,EAAE,mDAAmD,EAAE,EAClF,EAAE,IAAI,EAAE,cAAc,EAAE,GAAG,EAAE,mDAAmD,EAAE,EAClF,EAAE,IAAI,EAAE,cAAc,EAAE,GAAG,EAAE,mDAAmD,EAAE,EAClF,EAAE,IAAI,EAAE,cAAc,EAAE,GAAG,EAAE,mDAAmD,EAAE,EAClF,EAAE,IAAI,EAAE,cAAc,EAAE,GAAG,EAAE,mDAAmD,EAAE,EAClF,EAAE,IAAI,EAAE,aAAa,EAAE,GAAG,EAAE,mDAAmD,EAAE,EACjF,EAAE,IAAI,EAAE,aAAa,EAAE,GAAG,EAAE,mDAAmD,EAAE,EACjF,EAAE,IAAI,EAAE,SAAS,EAAE,GAAG,EAAE,6CAA6C,EAAE,EACvE,EAAE,IAAI,EAAE,gBAAgB,EAAE,GAAG,EAAE,0CAA0C,EAAE,EAC3E,EAAE,IAAI,EAAE,gBAAgB,EAAE,GAAG,EAAE,0CAA0C,EAAE,EAC3E,EAAE,IAAI,EAAE,gBAAgB,EAAE,GAAG,EAAE,0CAA0C,EAAE,EAC3E,EAAE,IAAI,EAAE,gBAAgB,EAAE,GAAG,EAAE,0CAA0C,EAAE,EAC3E,EAAE,IAAI,EAAE,gBAAgB,EAAE,GAAG,EAAE,0CAA0C,EAAE,EAC3E,EAAE,IAAI,EAAE,gBAAgB,EAAE,GAAG,EAAE,0CAA0C,EAAE,EAC3E,EAAE,IAAI,EAAE,gBAAgB,EAAE,GAAG,EAAE,0CAA0C,EAAE,EAC3E,EAAE,IAAI,EAAE,gBAAgB,EAAE,GAAG,EAAE,0CAA0C,EAAE,EAC3E,EAAE,IAAI,EAAE,gBAAgB,EAAE,GAAG,EAAE,0CAA0C,EAAE,EAC3E,EAAE,IAAI,EAAE,iBAAiB,EAAE,GAAG,EAAE,2CAA2C,EAAE,EAC7E,EAAE,IAAI,EAAE,iBAAiB,EAAE,GAAG,EAAE,2CAA2C,EAAE,EAC7E,EAAE,IAAI,EAAE,iBAAiB,EAAE,GAAG,EAAE,2CAA2C,EAAE,EAC7E,EAAE,IAAI,EAAE,iBAAiB,EAAE,GAAG,EAAE,2CAA2C,EAAE,EAC7E,EAAE,IAAI,EAAE,iBAAiB,EAAE,GAAG,EAAE,2CAA2C,EAAE,EAC7E,EAAE,IAAI,EAAE,iBAAiB,EAAE,GAAG,EAAE,2CAA2C,EAAE,EAC7E,EAAE,IAAI,EAAE,iBAAiB,EAAE,GAAG,EAAE,2CAA2C,EAAE,EAC7E,EAAE,IAAI,EAAE,iBAAiB,EAAE,GAAG,EAAE,2CAA2C,EAAE,EAC7E,EAAE,IAAI,EAAE,iBAAiB,EAAE,GAAG,EAAE,2CAA2C,EAAE,EAC7E,EAAE,IAAI,EAAE,iBAAiB,EAAE,GAAG,EAAE,2CAA2C,EAAE,EAC7E,EAAE,IAAI,EAAE,iBAAiB,EAAE,GAAG,EAAE,2CAA2C,EAAE,EAC7E,EAAE,IAAI,EAAE,iBAAiB,EAAE,GAAG,EAAE,2CAA2C,EAAE,EAC7E,EAAE,IAAI,EAAE,iBAAiB,EAAE,GAAG,EAAE,2CAA2C,EAAE,EAC7E,EAAE,IAAI,EAAE,YAAY,EAAE,GAAG,EAAE,oDAAoD,EAAE,EACjF,EAAE,IAAI,EAAE,YAAY,EAAE,GAAG,EAAE,oDAAoD,EAAE,EACjF,EAAE,IAAI,EAAE,YAAY,EAAE,GAAG,EAAE,oDAAoD,EAAE,EACjF,EAAE,IAAI,EAAE,YAAY,EAAE,GAAG,EAAE,oDAAoD,EAAE,EACjF,EAAE,IAAI,EAAE,YAAY,EAAE,GAAG,EAAE,oDAAoD,EAAE,EACjF,EAAE,IAAI,EAAE,YAAY,EAAE,GAAG,EAAE,oDAAoD,EAAE,EACjF,EAAE,IAAI,EAAE,YAAY,EAAE,GAAG,EAAE,oDAAoD,EAAE,EACjF,EAAE,IAAI,EAAE,YAAY,EAAE,GAAG,EAAE,oDAAoD,EAAE,EACjF,EAAE,IAAI,EAAE,YAAY,EAAE,GAAG,EAAE,oDAAoD,EAAE,EACjF,EAAE,IAAI,EAAE,aAAa,EAAE,GAAG,EAAE,qDAAqD,EAAE,EACnF,EAAE,IAAI,EAAE,aAAa,EAAE,GAAG,EAAE,qDAAqD,EAAE,EACnF,EAAE,IAAI,EAAE,aAAa,EAAE,GAAG,EAAE,qDAAqD,EAAE,EACnF,EAAE,IAAI,EAAE,aAAa,EAAE,GAAG,EAAE,qDAAqD,EAAE,EACnF,EAAE,IAAI,EAAE,aAAa,EAAE,GAAG,EAAE,qDAAqD,EAAE,EACnF,EAAE,IAAI,EAAE,aAAa,EAAE,GAAG,EAAE,qDAAqD,EAAE,EACnF,EAAE,IAAI,EAAE,aAAa,EAAE,GAAG,EAAE,qDAAqD,EAAE,EACnF,EAAE,IAAI,EAAE,aAAa,EAAE,GAAG,EAAE,qDAAqD,EAAE,EACnF,EAAE,IAAI,EAAE,aAAa,EAAE,GAAG,EAAE,qDAAqD,EAAE,EACnF,EAAE,IAAI,EAAE,aAAa,EAAE,GAAG,EAAE,qDAAqD,EAAE,EACnF,EAAE,IAAI,EAAE,aAAa,EAAE,GAAG,EAAE,qDAAqD,EAAE,EACnF,EAAE,IAAI,EAAE,aAAa,EAAE,GAAG,EAAE,qDAAqD,EAAE,EACnF,EAAE,IAAI,EAAE,aAAa,EAAE,GAAG,EAAE,qDAAqD,EAAE,EACnF,EAAE,IAAI,EAAE,aAAa,EAAE,GAAG,EAAE,qDAAqD,EAAE,EACnF,EAAE,IAAI,EAAE,aAAa,EAAE,GAAG,EAAE,qDAAqD,EAAE,EACnF,EAAE,IAAI,EAAE,aAAa,EAAE,GAAG,EAAE,qDAAqD,EAAE,EACnF,EAAE,IAAI,EAAE,aAAa,EAAE,GAAG,EAAE,qDAAqD,EAAE,EACnF,EAAE,IAAI,EAAE,aAAa,EAAE,GAAG,EAAE,qDAAqD,EAAE,EACnF,EAAE,IAAI,EAAE,aAAa,EAAE,GAAG,EAAE,qDAAqD,EAAE,EACnF,EAAE,IAAI,EAAE,WAAW,EAAE,GAAG,EAAE,kDAAkD,EAAE,EAC9E,EAAE,IAAI,EAAE,WAAW,EAAE,GAAG,EAAE,kDAAkD,EAAE,EAC9E,EAAE,IAAI,EAAE,WAAW,EAAE,GAAG,EAAE,kDAAkD,EAAE,EAC9E,EAAE,IAAI,EAAE,WAAW,EAAE,GAAG,EAAE,kDAAkD,EAAE,EAC9E,EAAE,IAAI,EAAE,WAAW,EAAE,GAAG,EAAE,kDAAkD,EAAE,EAC9E,EAAE,IAAI,EAAE,WAAW,EAAE,GAAG,EAAE,kDAAkD,EAAE,EAC9E,EAAE,IAAI,EAAE,WAAW,EAAE,GAAG,EAAE,kDAAkD,EAAE,EAC9E,EAAE,IAAI,EAAE,WAAW,EAAE,GAAG,EAAE,kDAAkD,EAAE,EAC9E,EAAE,IAAI,EAAE,WAAW,EAAE,GAAG,EAAE,kDAAkD,EAAE,EAC9E,EAAE,IAAI,EAAE,YAAY,EAAE,GAAG,EAAE,mDAAmD,EAAE,EAChF,EAAE,IAAI,EAAE,YAAY,EAAE,GAAG,EAAE,mDAAmD,EAAE,EAChF,EAAE,IAAI,EAAE,YAAY,EAAE,GAAG,EAAE,mDAAmD,EAAE,EAChF,EAAE,IAAI,EAAE,YAAY,EAAE,GAAG,EAAE,mDAAmD,EAAE,EAChF,EAAE,IAAI,EAAE,YAAY,EAAE,GAAG,EAAE,mDAAmD,EAAE,EAChF,EAAE,IAAI,EAAE,YAAY,EAAE,GAAG,EAAE,mDAAmD,EAAE,EAChF,EAAE,IAAI,EAAE,YAAY,EAAE,GAAG,EAAE,mDAAmD,EAAE,EAChF,EAAE,IAAI,EAAE,UAAU,EAAE,GAAG,EAAE,iDAAiD,EAAE,EAC5E,EAAE,IAAI,EAAE,UAAU,EAAE,GAAG,EAAE,iDAAiD,EAAE,EAC5E,EAAE,IAAI,EAAE,UAAU,EAAE,GAAG,EAAE,iDAAiD,EAAE,EAC5E,EAAE,IAAI,EAAE,UAAU,EAAE,GAAG,EAAE,iDAAiD,EAAE,EAC5E,EAAE,IAAI,EAAE,UAAU,EAAE,GAAG,EAAE,iDAAiD,EAAE,EAC5E,EAAE,IAAI,EAAE,UAAU,EAAE,GAAG,EAAE,iDAAiD,EAAE,EAC5E,EAAE,IAAI,EAAE,UAAU,EAAE,GAAG,EAAE,iDAAiD,EAAE,EAC5E,EAAE,IAAI,EAAE,UAAU,EAAE,GAAG,EAAE,iDAAiD,EAAE,EAC5E,EAAE,IAAI,EAAE,UAAU,EAAE,GAAG,EAAE,iDAAiD,EAAE,EAC5E,EAAE,IAAI,EAAE,WAAW,EAAE,GAAG,EAAE,kDAAkD,EAAE,EAC9E,EAAE,IAAI,EAAE,WAAW,EAAE,GAAG,EAAE,kDAAkD,EAAE,EAC9E,EAAE,IAAI,EAAE,WAAW,EAAE,GAAG,EAAE,kDAAkD,EAAE,EAC9E,EAAE,IAAI,EAAE,WAAW,EAAE,GAAG,EAAE,kDAAkD,EAAE,EAC9E,EAAE,IAAI,EAAE,WAAW,EAAE,GAAG,EAAE,kDAAkD,EAAE,EAC9E,EAAE,IAAI,EAAE,WAAW,EAAE,GAAG,EAAE,kDAAkD,EAAE,EAC9E,EAAE,IAAI,EAAE,WAAW,EAAE,GAAG,EAAE,kDAAkD,EAAE,EAC9E,EAAE,IAAI,EAAE,WAAW,EAAE,GAAG,EAAE,kDAAkD,EAAE,EAC9E,EAAE,IAAI,EAAE,WAAW,EAAE,GAAG,EAAE,kDAAkD,EAAE,EAC9E,EAAE,IAAI,EAAE,WAAW,EAAE,GAAG,EAAE,kDAAkD,EAAE,EAC9E,EAAE,IAAI,EAAE,WAAW,EAAE,GAAG,EAAE,kDAAkD,EAAE,EAC9E,EAAE,IAAI,EAAE,WAAW,EAAE,GAAG,EAAE,kDAAkD,EAAE,EAC9E,EAAE,IAAI,EAAE,WAAW,EAAE,GAAG,EAAE,kDAAkD,EAAE,EAC9E,EAAE,IAAI,EAAE,WAAW,EAAE,GAAG,EAAE,kDAAkD,EAAE,EAC9E,EAAE,IAAI,EAAE,WAAW,EAAE,GAAG,EAAE,kDAAkD,EAAE,EAC9E,EAAE,IAAI,EAAE,YAAY,EAAE,GAAG,EAAE,mDAAmD,EAAE,EAChF,EAAE,IAAI,EAAE,YAAY,EAAE,GAAG,EAAE,mDAAmD,EAAE,EAChF,EAAE,IAAI,EAAE,YAAY,EAAE,GAAG,EAAE,mDAAmD,EAAE,EAChF,EAAE,IAAI,EAAE,YAAY,EAAE,GAAG,EAAE,mDAAmD,EAAE,EAChF,EAAE,IAAI,EAAE,YAAY,EAAE,GAAG,EAAE,mDAAmD,EAAE,EAChF,EAAE,IAAI,EAAE,YAAY,EAAE,GAAG,EAAE,mDAAmD,EAAE,EAChF,EAAE,IAAI,EAAE,YAAY,EAAE,GAAG,EAAE,mDAAmD,EAAE,EAChF,EAAE,IAAI,EAAE,YAAY,EAAE,GAAG,EAAE,mDAAmD,EAAE,EAChF,EAAE,IAAI,EAAE,YAAY,EAAE,GAAG,EAAE,mDAAmD,EAAE,EAChF,EAAE,IAAI,EAAE,aAAa,EAAE,GAAG,EAAE,oDAAoD,EAAE,EAClF,EAAE,IAAI,EAAE,aAAa,EAAE,GAAG,EAAE,oDAAoD,EAAE,EAClF,EAAE,IAAI,EAAE,aAAa,EAAE,GAAG,EAAE,oDAAoD,EAAE,EAClF,EAAE,IAAI,EAAE,aAAa,EAAE,GAAG,EAAE,oDAAoD,EAAE,EAClF,EAAE,IAAI,EAAE,aAAa,EAAE,GAAG,EAAE,oDAAoD,EAAE,EAClF,EAAE,IAAI,EAAE,aAAa,EAAE,GAAG,EAAE,oDAAoD,EAAE,EAClF,EAAE,IAAI,EAAE,aAAa,EAAE,GAAG,EAAE,oDAAoD,EAAE,EAClF,EAAE,IAAI,EAAE,aAAa,EAAE,GAAG,EAAE,oDAAoD,EAAE,EAClF,EAAE,IAAI,EAAE,aAAa,EAAE,GAAG,EAAE,oDAAoD,EAAE,EAClF,EAAE,IAAI,EAAE,aAAa,EAAE,GAAG,EAAE,oDAAoD,EAAE,EAClF,EAAE,IAAI,EAAE,aAAa,EAAE,GAAG,EAAE,oDAAoD,EAAE,EAClF,EAAE,IAAI,EAAE,aAAa,EAAE,GAAG,EAAE,oDAAoD,EAAE,EAClF,EAAE,IAAI,EAAE,YAAY,EAAE,GAAG,EAAE,kDAAkD,EAAE,EAC/E,EAAE,IAAI,EAAE,YAAY,EAAE,GAAG,EAAE,kDAAkD,EAAE,EAC/E,EAAE,IAAI,EAAE,YAAY,EAAE,GAAG,EAAE,kDAAkD,EAAE,EAC/E,EAAE,IAAI,EAAE,YAAY,EAAE,GAAG,EAAE,kDAAkD,EAAE,EAC/E,EAAE,IAAI,EAAE,YAAY,EAAE,GAAG,EAAE,kDAAkD,EAAE,EAC/E,EAAE,IAAI,EAAE,YAAY,EAAE,GAAG,EAAE,kDAAkD,EAAE,EAC/E,EAAE,IAAI,EAAE,YAAY,EAAE,GAAG,EAAE,kDAAkD,EAAE,EAC/E,EAAE,IAAI,EAAE,YAAY,EAAE,GAAG,EAAE,kDAAkD,EAAE,EAC/E,EAAE,IAAI,EAAE,YAAY,EAAE,GAAG,EAAE,kDAAkD,EAAE,EAC/E,EAAE,IAAI,EAAE,aAAa,EAAE,GAAG,EAAE,mDAAmD,EAAE,EACjF,EAAE,IAAI,EAAE,aAAa,EAAE,GAAG,EAAE,mDAAmD,EAAE,EACjF,EAAE,IAAI,EAAE,aAAa,EAAE,GAAG,EAAE,mDAAmD,EAAE,EACjF,EAAE,IAAI,EAAE,aAAa,EAAE,GAAG,EAAE,mDAAmD,EAAE,EACjF,EAAE,IAAI,EAAE,aAAa,EAAE,GAAG,EAAE,mDAAmD,EAAE,EACjF,EAAE,IAAI,EAAE,aAAa,EAAE,GAAG,EAAE,mDAAmD,EAAE,EACjF,EAAE,IAAI,EAAE,aAAa,EAAE,GAAG,EAAE,mDAAmD,EAAE,EACjF,EAAE,IAAI,EAAE,aAAa,EAAE,GAAG,EAAE,mDAAmD,EAAE,CAEhF,CAAC","file":"/DataRussianNew.js.map","sourcesContent":["// this file contains the data\nvar Day_Russian_New = [ { name: \"\", url: \"\" },\n        { name: \" Матфея 1 \", url: \"http://bible.ws.ua/bibliya/evangelie-po-matfeyu/1 \" },\n        { name: \" Матфея 2 \", url: \"http://bible.ws.ua/bibliya/evangelie-po-matfeyu/2 \" },\n        { name: \" Матфея 3 \", url: \"http://bible.ws.ua/bibliya/evangelie-po-matfeyu/3 \" },\n        { name: \" Матфея 4 \", url: \"http://bible.ws.ua/bibliya/evangelie-po-matfeyu/4 \" },\n        { name: \" Матфея 5 \", url: \"http://bible.ws.ua/bibliya/evangelie-po-matfeyu/5 \" },\n        { name: \" Матфея 6 \", url: \"http://bible.ws.ua/bibliya/evangelie-po-matfeyu/6 \" },\n        { name: \" Матфея 7 \", url: \"http://bible.ws.ua/bibliya/evangelie-po-matfeyu/7 \" },\n        { name: \" Матфея 8 \", url: \"http://bible.ws.ua/bibliya/evangelie-po-matfeyu/8 \" },\n        { name: \" Матфея 9 \", url: \"http://bible.ws.ua/bibliya/evangelie-po-matfeyu/9 \" },\n        { name: \" Матфея 10 \", url: \"http://bible.ws.ua/bibliya/evangelie-po-matfeyu/10 \" },\n        { name: \" Матфея 11 \", url: \"http://bible.ws.ua/bibliya/evangelie-po-matfeyu/11 \" },\n        { name: \" Матфея 12 \", url: \"http://bible.ws.ua/bibliya/evangelie-po-matfeyu/12 \" },\n        { name: \" Матфея 13 \", url: \"http://bible.ws.ua/bibliya/evangelie-po-matfeyu/13 \" },\n        { name: \" Матфея 14 \", url: \"http://bible.ws.ua/bibliya/evangelie-po-matfeyu/14 \" },\n        { name: \" Матфея 15 \", url: \"http://bible.ws.ua/bibliya/evangelie-po-matfeyu/15 \" },\n        { name: \" Матфея 16 \", url: \"http://bible.ws.ua/bibliya/evangelie-po-matfeyu/16 \" },\n        { name: \" Матфея 17 \", url: \"http://bible.ws.ua/bibliya/evangelie-po-matfeyu/17 \" },\n        { name: \" Матфея 18 \", url: \"http://bible.ws.ua/bibliya/evangelie-po-matfeyu/18 \" },\n        { name: \" Матфея 19 \", url: \"http://bible.ws.ua/bibliya/evangelie-po-matfeyu/19 \" },\n        { name: \" Матфея 20 \", url: \"http://bible.ws.ua/bibliya/evangelie-po-matfeyu/20 \" },\n        { name: \" Матфея 21 \", url: \"http://bible.ws.ua/bibliya/evangelie-po-matfeyu/21 \" },\n        { name: \" Матфея 22 \", url: \"http://bible.ws.ua/bibliya/evangelie-po-matfeyu/22 \" },\n        { name: \" Матфея 23 \", url: \"http://bible.ws.ua/bibliya/evangelie-po-matfeyu/23 \" },\n        { name: \" Матфея 24 \", url: \"http://bible.ws.ua/bibliya/evangelie-po-matfeyu/24 \" },\n        { name: \" Матфея 25 \", url: \"http://bible.ws.ua/bibliya/evangelie-po-matfeyu/25 \" },\n        { name: \" Матфея 26 \", url: \"http://bible.ws.ua/bibliya/evangelie-po-matfeyu/26 \" },\n        { name: \" Матфея 27 \", url: \"http://bible.ws.ua/bibliya/evangelie-po-matfeyu/27 \" },\n        { name: \" Матфея 28 \", url: \"http://bible.ws.ua/bibliya/evangelie-po-matfeyu/28 \" },\n        { name: \" Марка 1 \", url: \"http://bible.ws.ua/bibliya/evangelie-po-marku/1 \" },\n        { name: \" Марка 2 \", url: \"http://bible.ws.ua/bibliya/evangelie-po-marku/2 \" },\n        { name: \" Марка 3 \", url: \"http://bible.ws.ua/bibliya/evangelie-po-marku/3 \" },\n        { name: \" Марка 4 \", url: \"http://bible.ws.ua/bibliya/evangelie-po-marku/4 \" },\n        { name: \" Марка 5 \", url: \"http://bible.ws.ua/bibliya/evangelie-po-marku/5 \" },\n        { name: \" Марка 6 \", url: \"http://bible.ws.ua/bibliya/evangelie-po-marku/6 \" },\n        { name: \" Марка 7 \", url: \"http://bible.ws.ua/bibliya/evangelie-po-marku/7 \" },\n        { name: \" Марка 8 \", url: \"http://bible.ws.ua/bibliya/evangelie-po-marku/8 \" },\n        { name: \" Марка 9 \", url: \"http://bible.ws.ua/bibliya/evangelie-po-marku/9 \" },\n        { name: \" Марка 10 \", url: \"http://bible.ws.ua/bibliya/evangelie-po-marku/10 \" },\n        { name: \" Марка 11 \", url: \"http://bible.ws.ua/bibliya/evangelie-po-marku/11 \" },\n        { name: \" Марка 12 \", url: \"http://bible.ws.ua/bibliya/evangelie-po-marku/12 \" },\n        { name: \" Марка 13 \", url: \"http://bible.ws.ua/bibliya/evangelie-po-marku/13 \" },\n        { name: \" Марка 14 \", url: \"http://bible.ws.ua/bibliya/evangelie-po-marku/14 \" },\n        { name: \" Марка 15 \", url: \"http://bible.ws.ua/bibliya/evangelie-po-marku/15 \" },\n        { name: \" Марка 16 \", url: \"http://bible.ws.ua/bibliya/evangelie-po-marku/16 \" },\n        { name: \" Луки 1 \", url: \"http://bible.ws.ua/bibliya/evangelie-po-luke/1 \" },\n        { name: \" Луки 2 \", url: \"http://bible.ws.ua/bibliya/evangelie-po-luke/2 \" },\n        { name: \" Луки 3 \", url: \"http://bible.ws.ua/bibliya/evangelie-po-luke/3 \" },\n        { name: \" Луки 4 \", url: \"http://bible.ws.ua/bibliya/evangelie-po-luke/4 \" },\n        { name: \" Луки 5 \", url: \"http://bible.ws.ua/bibliya/evangelie-po-luke/5 \" },\n        { name: \" Луки 6 \", url: \"http://bible.ws.ua/bibliya/evangelie-po-luke/6 \" },\n        { name: \" Луки 7 \", url: \"http://bible.ws.ua/bibliya/evangelie-po-luke/7 \" },\n        { name: \" Луки 8 \", url: \"http://bible.ws.ua/bibliya/evangelie-po-luke/8 \" },\n        { name: \" Луки 9 \", url: \"http://bible.ws.ua/bibliya/evangelie-po-luke/9 \" },\n        { name: \" Луки 10 \", url: \"http://bible.ws.ua/bibliya/evangelie-po-luke/10 \" },\n        { name: \" Луки 11 \", url: \"http://bible.ws.ua/bibliya/evangelie-po-luke/11 \" },\n        { name: \" Луки 12 \", url: \"http://bible.ws.ua/bibliya/evangelie-po-luke/12 \" },\n        { name: \" Луки 13 \", url: \"http://bible.ws.ua/bibliya/evangelie-po-luke/13 \" },\n        { name: \" Луки 14 \", url: \"http://bible.ws.ua/bibliya/evangelie-po-luke/14 \" },\n        { name: \" Луки 15 \", url: \"http://bible.ws.ua/bibliya/evangelie-po-luke/15 \" },\n        { name: \" Луки 16 \", url: \"http://bible.ws.ua/bibliya/evangelie-po-luke/16 \" },\n        { name: \" Луки 17 \", url: \"http://bible.ws.ua/bibliya/evangelie-po-luke/17 \" },\n        { name: \" Луки 18 \", url: \"http://bible.ws.ua/bibliya/evangelie-po-luke/18 \" },\n        { name: \" Луки 19 \", url: \"http://bible.ws.ua/bibliya/evangelie-po-luke/19 \" },\n        { name: \" Луки 20 \", url: \"http://bible.ws.ua/bibliya/evangelie-po-luke/20 \" },\n        { name: \" Луки 21 \", url: \"http://bible.ws.ua/bibliya/evangelie-po-luke/21 \" },\n        { name: \" Луки 22 \", url: \"http://bible.ws.ua/bibliya/evangelie-po-luke/22 \" },\n        { name: \" Луки 23 \", url: \"http://bible.ws.ua/bibliya/evangelie-po-luke/23 \" },\n        { name: \" Луки 24 \", url: \"http://bible.ws.ua/bibliya/evangelie-po-luke/24 \" },\n        { name: \" Иоанна 1 \", url: \"http://bible.ws.ua/bibliya/evangelie-po-ioannu/1 \" },\n        { name: \" Иоанна 2 \", url: \"http://bible.ws.ua/bibliya/evangelie-po-ioannu/2 \" },\n        { name: \" Иоанна 3 \", url: \"http://bible.ws.ua/bibliya/evangelie-po-ioannu/3 \" },\n        { name: \" Иоанна 4 \", url: \"http://bible.ws.ua/bibliya/evangelie-po-ioannu/4 \" },\n        { name: \" Иоанна 5 \", url: \"http://bible.ws.ua/bibliya/evangelie-po-ioannu/5 \" },\n        { name: \" Иоанна 6 \", url: \"http://bible.ws.ua/bibliya/evangelie-po-ioannu/6 \" },\n        { name: \" Иоанна 7 \", url: \"http://bible.ws.ua/bibliya/evangelie-po-ioannu/7 \" },\n        { name: \" Иоанна 8 \", url: \"http://bible.ws.ua/bibliya/evangelie-po-ioannu/8 \" },\n        { name: \" Иоанна 9 \", url: \"http://bible.ws.ua/bibliya/evangelie-po-ioannu/9 \" },\n        { name: \" Иоанна 10 \", url: \"http://bible.ws.ua/bibliya/evangelie-po-ioannu/10 \" },\n        { name: \" Иоанна 11 \", url: \"http://bible.ws.ua/bibliya/evangelie-po-ioannu/11 \" },\n        { name: \" Иоанна 12 \", url: \"http://bible.ws.ua/bibliya/evangelie-po-ioannu/12 \" },\n        { name: \" Иоанна 13 \", url: \"http://bible.ws.ua/bibliya/evangelie-po-ioannu/13 \" },\n        { name: \" Иоанна 14 \", url: \"http://bible.ws.ua/bibliya/evangelie-po-ioannu/14 \" },\n        { name: \" Иоанна 15 \", url: \"http://bible.ws.ua/bibliya/evangelie-po-ioannu/15 \" },\n        { name: \" Иоанна 16 \", url: \"http://bible.ws.ua/bibliya/evangelie-po-ioannu/16 \" },\n        { name: \" Иоанна 17 \", url: \"http://bible.ws.ua/bibliya/evangelie-po-ioannu/17 \" },\n        { name: \" Иоанна 18 \", url: \"http://bible.ws.ua/bibliya/evangelie-po-ioannu/18 \" },\n        { name: \" Иоанна 19 \", url: \"http://bible.ws.ua/bibliya/evangelie-po-ioannu/19 \" },\n        { name: \" Иоанна 20 \", url: \"http://bible.ws.ua/bibliya/evangelie-po-ioannu/20 \" },\n        { name: \" Иоанна 21 \", url: \"http://bible.ws.ua/bibliya/evangelie-po-ioannu/21 \" },\n        { name: \" Деяния 1 \", url: \"http://bible.ws.ua/bibliya/deyaniya-apostolov/1 \" },\n        { name: \" Деяния 2 \", url: \"http://bible.ws.ua/bibliya/deyaniya-apostolov/2 \" },\n        { name: \" Деяния 3 \", url: \"http://bible.ws.ua/bibliya/deyaniya-apostolov/3 \" },\n        { name: \" Деяния 4 \", url: \"http://bible.ws.ua/bibliya/deyaniya-apostolov/4 \" },\n        { name: \" Деяния 5 \", url: \"http://bible.ws.ua/bibliya/deyaniya-apostolov/5 \" },\n        { name: \" Деяния 6 \", url: \"http://bible.ws.ua/bibliya/deyaniya-apostolov/6 \" },\n        { name: \" Деяния 7 \", url: \"http://bible.ws.ua/bibliya/deyaniya-apostolov/7 \" },\n        { name: \" Деяния 8 \", url: \"http://bible.ws.ua/bibliya/deyaniya-apostolov/8 \" },\n        { name: \" Деяния 9 \", url: \"http://bible.ws.ua/bibliya/deyaniya-apostolov/9 \" },\n        { name: \" Деяния 10 \", url: \"http://bible.ws.ua/bibliya/deyaniya-apostolov/10 \" },\n        { name: \" Деяния 11 \", url: \"http://bible.ws.ua/bibliya/deyaniya-apostolov/11 \" },\n        { name: \" Деяния 12 \", url: \"http://bible.ws.ua/bibliya/deyaniya-apostolov/12 \" },\n        { name: \" Деяния 13 \", url: \"http://bible.ws.ua/bibliya/deyaniya-apostolov/13 \" },\n        { name: \" Деяния 14 \", url: \"http://bible.ws.ua/bibliya/deyaniya-apostolov/14 \" },\n        { name: \" Деяния 15 \", url: \"http://bible.ws.ua/bibliya/deyaniya-apostolov/15 \" },\n        { name: \" Деяния 16 \", url: \"http://bible.ws.ua/bibliya/deyaniya-apostolov/16 \" },\n        { name: \" Деяния 17 \", url: \"http://bible.ws.ua/bibliya/deyaniya-apostolov/17 \" },\n        { name: \" Деяния 18 \", url: \"http://bible.ws.ua/bibliya/deyaniya-apostolov/18 \" },\n        { name: \" Деяния 19 \", url: \"http://bible.ws.ua/bibliya/deyaniya-apostolov/19 \" },\n        { name: \" Деяния 20 \", url: \"http://bible.ws.ua/bibliya/deyaniya-apostolov/20 \" },\n        { name: \" Деяния 21 \", url: \"http://bible.ws.ua/bibliya/deyaniya-apostolov/21 \" },\n        { name: \" Деяния 22 \", url: \"http://bible.ws.ua/bibliya/deyaniya-apostolov/22 \" },\n        { name: \" Деяния 23 \", url: \"http://bible.ws.ua/bibliya/deyaniya-apostolov/23 \" },\n        { name: \" Деяния 24 \", url: \"http://bible.ws.ua/bibliya/deyaniya-apostolov/24 \" },\n        { name: \" Деяния 25 \", url: \"http://bible.ws.ua/bibliya/deyaniya-apostolov/25 \" },\n        { name: \" Деяния 26 \", url: \"http://bible.ws.ua/bibliya/deyaniya-apostolov/26 \" },\n        { name: \" Деяния 27 \", url: \"http://bible.ws.ua/bibliya/deyaniya-apostolov/27 \" },\n        { name: \" Деяния 28 \", url: \"http://bible.ws.ua/bibliya/deyaniya-apostolov/28 \" },\n        { name: \" Римлянам 1 \", url: \"http://bible.ws.ua/bibliya/poslanie-k-rimlyanam/1 \" },\n        { name: \" Римлянам 2 \", url: \"http://bible.ws.ua/bibliya/poslanie-k-rimlyanam/2 \" },\n        { name: \" Римлянам 3 \", url: \"http://bible.ws.ua/bibliya/poslanie-k-rimlyanam/3 \" },\n        { name: \" Римлянам 4 \", url: \"http://bible.ws.ua/bibliya/poslanie-k-rimlyanam/4 \" },\n        { name: \" Римлянам 5 \", url: \"http://bible.ws.ua/bibliya/poslanie-k-rimlyanam/5 \" },\n        { name: \" Римлянам 6 \", url: \"http://bible.ws.ua/bibliya/poslanie-k-rimlyanam/6 \" },\n        { name: \" Римлянам 7 \", url: \"http://bible.ws.ua/bibliya/poslanie-k-rimlyanam/7 \" },\n        { name: \" Римлянам 8 \", url: \"http://bible.ws.ua/bibliya/poslanie-k-rimlyanam/8 \" },\n        { name: \" Римлянам 9 \", url: \"http://bible.ws.ua/bibliya/poslanie-k-rimlyanam/9 \" },\n        { name: \" Римлянам 10 \", url: \"http://bible.ws.ua/bibliya/poslanie-k-rimlyanam/10 \" },\n        { name: \" Римлянам 11 \", url: \"http://bible.ws.ua/bibliya/poslanie-k-rimlyanam/11 \" },\n        { name: \" Римлянам 12 \", url: \"http://bible.ws.ua/bibliya/poslanie-k-rimlyanam/12 \" },\n        { name: \" Римлянам 13 \", url: \"http://bible.ws.ua/bibliya/poslanie-k-rimlyanam/13 \" },\n        { name: \" Римлянам 14 \", url: \"http://bible.ws.ua/bibliya/poslanie-k-rimlyanam/14 \" },\n        { name: \" Римлянам 15 \", url: \"http://bible.ws.ua/bibliya/poslanie-k-rimlyanam/15 \" },\n        { name: \" Римлянам 16 \", url: \"http://bible.ws.ua/bibliya/poslanie-k-rimlyanam/16 \" },\n        { name: \" 1 Коринфянам 1 \", url: \"http://bible.ws.ua/bibliya/1-e-poslanie-k-korinfyanam/1 \" },\n        { name: \" 1 Коринфянам 2 \", url: \"http://bible.ws.ua/bibliya/1-e-poslanie-k-korinfyanam/2 \" },\n        { name: \" 1 Коринфянам 3 \", url: \"http://bible.ws.ua/bibliya/1-e-poslanie-k-korinfyanam/3 \" },\n        { name: \" 1 Коринфянам 4 \", url: \"http://bible.ws.ua/bibliya/1-e-poslanie-k-korinfyanam/4 \" },\n        { name: \" 1 Коринфянам 5 \", url: \"http://bible.ws.ua/bibliya/1-e-poslanie-k-korinfyanam/5 \" },\n        { name: \" 1 Коринфянам 6 \", url: \"http://bible.ws.ua/bibliya/1-e-poslanie-k-korinfyanam/6 \" },\n        { name: \" 1 Коринфянам 7 \", url: \"http://bible.ws.ua/bibliya/1-e-poslanie-k-korinfyanam/7 \" },\n        { name: \" 1 Коринфянам 8 \", url: \"http://bible.ws.ua/bibliya/1-e-poslanie-k-korinfyanam/8 \" },\n        { name: \" 1 Коринфянам 9 \", url: \"http://bible.ws.ua/bibliya/1-e-poslanie-k-korinfyanam/9 \" },\n        { name: \" 1 Коринфянам 10 \", url: \"http://bible.ws.ua/bibliya/1-e-poslanie-k-korinfyanam/10 \" },\n        { name: \" 1 Коринфянам 11 \", url: \"http://bible.ws.ua/bibliya/1-e-poslanie-k-korinfyanam/11 \" },\n        { name: \" 1 Коринфянам 12 \", url: \"http://bible.ws.ua/bibliya/1-e-poslanie-k-korinfyanam/12 \" },\n        { name: \" 1 Коринфянам 13 \", url: \"http://bible.ws.ua/bibliya/1-e-poslanie-k-korinfyanam/13 \" },\n        { name: \" 1 Коринфянам 14 \", url: \"http://bible.ws.ua/bibliya/1-e-poslanie-k-korinfyanam/14 \" },\n        { name: \" 1 Коринфянам 15 \", url: \"http://bible.ws.ua/bibliya/1-e-poslanie-k-korinfyanam/15 \" },\n        { name: \" 1 Коринфянам 16 \", url: \"http://bible.ws.ua/bibliya/1-e-poslanie-k-korinfyanam/16 \" },\n        { name: \" 2 Коринфянам 1 \", url: \"http://bible.ws.ua/bibliya/2-e-poslanie-k-korinfyanam/1 \" },\n        { name: \" 2 Коринфянам 2 \", url: \"http://bible.ws.ua/bibliya/2-e-poslanie-k-korinfyanam/2 \" },\n        { name: \" 2 Коринфянам 3 \", url: \"http://bible.ws.ua/bibliya/2-e-poslanie-k-korinfyanam/3 \" },\n        { name: \" 2 Коринфянам 4 \", url: \"http://bible.ws.ua/bibliya/2-e-poslanie-k-korinfyanam/4 \" },\n        { name: \" 2 Коринфянам 5 \", url: \"http://bible.ws.ua/bibliya/2-e-poslanie-k-korinfyanam/5 \" },\n        { name: \" 2 Коринфянам 6 \", url: \"http://bible.ws.ua/bibliya/2-e-poslanie-k-korinfyanam/6 \" },\n        { name: \" 2 Коринфянам 7 \", url: \"http://bible.ws.ua/bibliya/2-e-poslanie-k-korinfyanam/7 \" },\n        { name: \" 2 Коринфянам 8 \", url: \"http://bible.ws.ua/bibliya/2-e-poslanie-k-korinfyanam/8 \" },\n        { name: \" 2 Коринфянам 9 \", url: \"http://bible.ws.ua/bibliya/2-e-poslanie-k-korinfyanam/9 \" },\n        { name: \" 2 Коринфянам 10 \", url: \"http://bible.ws.ua/bibliya/2-e-poslanie-k-korinfyanam/10 \" },\n        { name: \" 2 Коринфянам 11 \", url: \"http://bible.ws.ua/bibliya/2-e-poslanie-k-korinfyanam/11 \" },\n        { name: \" 2 Коринфянам 12 \", url: \"http://bible.ws.ua/bibliya/2-e-poslanie-k-korinfyanam/12 \" },\n        { name: \" 2 Коринфянам 13 \", url: \"http://bible.ws.ua/bibliya/2-e-poslanie-k-korinfyanam/13 \" },\n        { name: \" Галатам 1 \", url: \"http://bible.ws.ua/bibliya/poslanie-k-galatam/1 \" },\n        { name: \" Галатам 2 \", url: \"http://bible.ws.ua/bibliya/poslanie-k-galatam/2 \" },\n        { name: \" Галатам 3 \", url: \"http://bible.ws.ua/bibliya/poslanie-k-galatam/3 \" },\n        { name: \" Галатам 4 \", url: \"http://bible.ws.ua/bibliya/poslanie-k-galatam/4 \" },\n        { name: \" Галатам 5 \", url: \"http://bible.ws.ua/bibliya/poslanie-k-galatam/5 \" },\n        { name: \" Галатам 6 \", url: \"http://bible.ws.ua/bibliya/poslanie-k-galatam/6 \" },\n        { name: \" Ефесянам 1 \", url: \"http://bible.ws.ua/bibliya/poslanie-k-efesyanam/1 \" },\n        { name: \" Ефесянам 2 \", url: \"http://bible.ws.ua/bibliya/poslanie-k-efesyanam/2 \" },\n        { name: \" Ефесянам 3 \", url: \"http://bible.ws.ua/bibliya/poslanie-k-efesyanam/3 \" },\n        { name: \" Ефесянам 4 \", url: \"http://bible.ws.ua/bibliya/poslanie-k-efesyanam/4 \" },\n        { name: \" Ефесянам 5 \", url: \"http://bible.ws.ua/bibliya/poslanie-k-efesyanam/5 \" },\n        { name: \" Ефесянам 6 \", url: \"http://bible.ws.ua/bibliya/poslanie-k-efesyanam/6 \" },\n        { name: \" Филиппийцам 1 \", url: \"http://bible.ws.ua/bibliya/poslanie-k-filipijtsam/1 \" },\n        { name: \" Филиппийцам 2 \", url: \"http://bible.ws.ua/bibliya/poslanie-k-filipijtsam/2 \" },\n        { name: \" Филиппийцам 3 \", url: \"http://bible.ws.ua/bibliya/poslanie-k-filipijtsam/3 \" },\n        { name: \" Филиппийцам 4 \", url: \"http://bible.ws.ua/bibliya/poslanie-k-filipijtsam/4 \" },\n        { name: \" Колоссянам 1 \", url: \"http://bible.ws.ua/bibliya/poslanie-k-kolossyanam/1 \" },\n        { name: \" Колоссянам 2 \", url: \"http://bible.ws.ua/bibliya/poslanie-k-kolossyanam/2 \" },\n        { name: \" Колоссянам 3 \", url: \"http://bible.ws.ua/bibliya/poslanie-k-kolossyanam/3 \" },\n        { name: \" Колоссянам 4 \", url: \"http://bible.ws.ua/bibliya/poslanie-k-kolossyanam/4 \" },\n        { name: \" 1 Фессалоникийцам 1 \", url: \"http://bible.ws.ua/bibliya/1-e-poslanie-k-fessalonikijtsam/1 \" },\n        { name: \" 1 Фессалоникийцам 2 \", url: \"http://bible.ws.ua/bibliya/1-e-poslanie-k-fessalonikijtsam/2 \" },\n        { name: \" 1 Фессалоникийцам 3 \", url: \"http://bible.ws.ua/bibliya/1-e-poslanie-k-fessalonikijtsam/3 \" },\n        { name: \" 1 Фессалоникийцам 4 \", url: \"http://bible.ws.ua/bibliya/1-e-poslanie-k-fessalonikijtsam/4 \" },\n        { name: \" 1 Фессалоникийцам 5 \", url: \"http://bible.ws.ua/bibliya/1-e-poslanie-k-fessalonikijtsam/5 \" },\n        { name: \" 2 Фессалоникийцам 1 \", url: \"http://bible.ws.ua/bibliya/2-e-poslanie-k-fessalonikijtsam/1 \" },\n        { name: \" 2 Фессалоникийцам 2 \", url: \"http://bible.ws.ua/bibliya/2-e-poslanie-k-fessalonikijtsam/2 \" },\n        { name: \" 2 Фессалоникийцам 3 \", url: \"http://bible.ws.ua/bibliya/2-e-poslanie-k-fessalonikijtsam/3 \" },\n        { name: \" 1 Тимофею 1 \", url: \"http://bible.ws.ua/bibliya/1-e-poslanie-k-timofeyu/1 \" },\n        { name: \" 1 Тимофею 2 \", url: \"http://bible.ws.ua/bibliya/1-e-poslanie-k-timofeyu/2 \" },\n        { name: \" 1 Тимофею 3 \", url: \"http://bible.ws.ua/bibliya/1-e-poslanie-k-timofeyu/3 \" },\n        { name: \" 1 Тимофею 4 \", url: \"http://bible.ws.ua/bibliya/1-e-poslanie-k-timofeyu/4 \" },\n        { name: \" 1 Тимофею 5 \", url: \"http://bible.ws.ua/bibliya/1-e-poslanie-k-timofeyu/5 \" },\n        { name: \" 1 Тимофею 6 \", url: \"http://bible.ws.ua/bibliya/1-e-poslanie-k-timofeyu/6 \" },\n        { name: \" 2 Тимофею 1 \", url: \"http://bible.ws.ua/bibliya/2-e-poslanie-k-timofeyu/1 \" },\n        { name: \" 2 Тимофею 2 \", url: \"http://bible.ws.ua/bibliya/2-e-poslanie-k-timofeyu/2 \" },\n        { name: \" 2 Тимофею 3 \", url: \"http://bible.ws.ua/bibliya/2-e-poslanie-k-timofeyu/3 \" },\n        { name: \" 2 Тимофею 4 \", url: \"http://bible.ws.ua/bibliya/2-e-poslanie-k-timofeyu/4 \" },\n        { name: \" Титу 1 \", url: \"http://bible.ws.ua/bibliya/poslanie-k-titu/1 \" },\n        { name: \" Титу 2 \", url: \"http://bible.ws.ua/bibliya/poslanie-k-titu/2 \" },\n        { name: \" Титу 3 \", url: \"http://bible.ws.ua/bibliya/poslanie-k-titu/3 \" },\n        { name: \" Филимону  \", url: \"http://bible.ws.ua/bibliya/poslanie-k-filimonu/1 \" },\n        { name: \" Евреям 1 \", url: \"http://bible.ws.ua/bibliya/poslanie-k-evreyam/1 \" },\n        { name: \" Евреям 2 \", url: \"http://bible.ws.ua/bibliya/poslanie-k-evreyam/2 \" },\n        { name: \" Евреям 3 \", url: \"http://bible.ws.ua/bibliya/poslanie-k-evreyam/3 \" },\n        { name: \" Евреям 4 \", url: \"http://bible.ws.ua/bibliya/poslanie-k-evreyam/4 \" },\n        { name: \" Евреям 5 \", url: \"http://bible.ws.ua/bibliya/poslanie-k-evreyam/5 \" },\n        { name: \" Евреям 6 \", url: \"http://bible.ws.ua/bibliya/poslanie-k-evreyam/6 \" },\n        { name: \" Евреям 7 \", url: \"http://bible.ws.ua/bibliya/poslanie-k-evreyam/7 \" },\n        { name: \" Евреям 8 \", url: \"http://bible.ws.ua/bibliya/poslanie-k-evreyam/8 \" },\n        { name: \" Евреям 9 \", url: \"http://bible.ws.ua/bibliya/poslanie-k-evreyam/9 \" },\n        { name: \" Евреям 10 \", url: \"http://bible.ws.ua/bibliya/poslanie-k-evreyam/10 \" },\n        { name: \" Евреям 11 \", url: \"http://bible.ws.ua/bibliya/poslanie-k-evreyam/11 \" },\n        { name: \" Евреям 12 \", url: \"http://bible.ws.ua/bibliya/poslanie-k-evreyam/12 \" },\n        { name: \" Евреям 13 \", url: \"http://bible.ws.ua/bibliya/poslanie-k-evreyam/13 \" },\n        { name: \" Иакова 1 \", url: \"http://bible.ws.ua/bibliya/poslanie-iakova/1 \" },\n        { name: \" Иакова 2 \", url: \"http://bible.ws.ua/bibliya/poslanie-iakova/2 \" },\n        { name: \" Иакова 3 \", url: \"http://bible.ws.ua/bibliya/poslanie-iakova/3 \" },\n        { name: \" Иакова 4 \", url: \"http://bible.ws.ua/bibliya/poslanie-iakova/4 \" },\n        { name: \" Иакова 5 \", url: \"http://bible.ws.ua/bibliya/poslanie-iakova/5 \" },\n        { name: \" 1 Петра 1 \", url: \"http://bible.ws.ua/bibliya/1-e-poslanie-petra/1 \" },\n        { name: \" 1 Петра 2 \", url: \"http://bible.ws.ua/bibliya/1-e-poslanie-petra/2 \" },\n        { name: \" 1 Петра 3 \", url: \"http://bible.ws.ua/bibliya/1-e-poslanie-petra/3 \" },\n        { name: \" 1 Петра 4 \", url: \"http://bible.ws.ua/bibliya/1-e-poslanie-petra/4 \" },\n        { name: \" 1 Петра 5 \", url: \"http://bible.ws.ua/bibliya/1-e-poslanie-petra/5 \" },\n        { name: \" 2 Петра 1 \", url: \"http://bible.ws.ua/bibliya/2-e-poslanie-petra/1 \" },\n        { name: \" 2 Петра 2 \", url: \"http://bible.ws.ua/bibliya/2-e-poslanie-petra/2 \" },\n        { name: \" 2 Петра 3 \", url: \"http://bible.ws.ua/bibliya/2-e-poslanie-petra/3 \" },\n        { name: \" 1 Иоанна 1 \", url: \"http://bible.ws.ua/bibliya/1-e-poslanie-ioanna/1 \" },\n        { name: \" 1 Иоанна 2 \", url: \"http://bible.ws.ua/bibliya/1-e-poslanie-ioanna/2 \" },\n        { name: \" 1 Иоанна 3 \", url: \"http://bible.ws.ua/bibliya/1-e-poslanie-ioanna/3 \" },\n        { name: \" 1 Иоанна 4 \", url: \"http://bible.ws.ua/bibliya/1-e-poslanie-ioanna/4 \" },\n        { name: \" 1 Иоанна 5 \", url: \"http://bible.ws.ua/bibliya/1-e-poslanie-ioanna/5 \" },\n        { name: \" 2 Иоанна  \", url: \"http://bible.ws.ua/bibliya/2-e-poslanie-ioanna/1 \" },\n        { name: \" 3 Иоанна  \", url: \"http://bible.ws.ua/bibliya/3-e-poslanie-ioanna/1 \" },\n        { name: \" Иуды  \", url: \"http://bible.ws.ua/bibliya/poslanie-iudy/1 \" },\n        { name: \" Откровение 1 \", url: \"http://bible.ws.ua/bibliya/otkrovenie/1 \" },\n        { name: \" Откровение 2 \", url: \"http://bible.ws.ua/bibliya/otkrovenie/2 \" },\n        { name: \" Откровение 3 \", url: \"http://bible.ws.ua/bibliya/otkrovenie/3 \" },\n        { name: \" Откровение 4 \", url: \"http://bible.ws.ua/bibliya/otkrovenie/4 \" },\n        { name: \" Откровение 5 \", url: \"http://bible.ws.ua/bibliya/otkrovenie/5 \" },\n        { name: \" Откровение 6 \", url: \"http://bible.ws.ua/bibliya/otkrovenie/6 \" },\n        { name: \" Откровение 7 \", url: \"http://bible.ws.ua/bibliya/otkrovenie/7 \" },\n        { name: \" Откровение 8 \", url: \"http://bible.ws.ua/bibliya/otkrovenie/8 \" },\n        { name: \" Откровение 9 \", url: \"http://bible.ws.ua/bibliya/otkrovenie/9 \" },\n        { name: \" Откровение 10 \", url: \"http://bible.ws.ua/bibliya/otkrovenie/10 \" },\n        { name: \" Откровение 11 \", url: \"http://bible.ws.ua/bibliya/otkrovenie/11 \" },\n        { name: \" Откровение 12 \", url: \"http://bible.ws.ua/bibliya/otkrovenie/12 \" },\n        { name: \" Откровение 13 \", url: \"http://bible.ws.ua/bibliya/otkrovenie/13 \" },\n        { name: \" Откровение 14 \", url: \"http://bible.ws.ua/bibliya/otkrovenie/14 \" },\n        { name: \" Откровение 15 \", url: \"http://bible.ws.ua/bibliya/otkrovenie/15 \" },\n        { name: \" Откровение 16 \", url: \"http://bible.ws.ua/bibliya/otkrovenie/16 \" },\n        { name: \" Откровение 17 \", url: \"http://bible.ws.ua/bibliya/otkrovenie/17 \" },\n        { name: \" Откровение 18 \", url: \"http://bible.ws.ua/bibliya/otkrovenie/18 \" },\n        { name: \" Откровение 19 \", url: \"http://bible.ws.ua/bibliya/otkrovenie/19 \" },\n        { name: \" Откровение 20 \", url: \"http://bible.ws.ua/bibliya/otkrovenie/20 \" },\n        { name: \" Откровение 21 \", url: \"http://bible.ws.ua/bibliya/otkrovenie/21 \" },\n        { name: \" Откровение 22 \", url: \"http://bible.ws.ua/bibliya/otkrovenie/22 \" },\n        { name: \" Матфея 1 \", url: \"http://bible.ws.ua/bibliya/evangelie-po-matfeyu/1 \" },\n        { name: \" Матфея 2 \", url: \"http://bible.ws.ua/bibliya/evangelie-po-matfeyu/2 \" },\n        { name: \" Матфея 3 \", url: \"http://bible.ws.ua/bibliya/evangelie-po-matfeyu/3 \" },\n        { name: \" Матфея 4 \", url: \"http://bible.ws.ua/bibliya/evangelie-po-matfeyu/4 \" },\n        { name: \" Матфея 5 \", url: \"http://bible.ws.ua/bibliya/evangelie-po-matfeyu/5 \" },\n        { name: \" Матфея 6 \", url: \"http://bible.ws.ua/bibliya/evangelie-po-matfeyu/6 \" },\n        { name: \" Матфея 7 \", url: \"http://bible.ws.ua/bibliya/evangelie-po-matfeyu/7 \" },\n        { name: \" Матфея 8 \", url: \"http://bible.ws.ua/bibliya/evangelie-po-matfeyu/8 \" },\n        { name: \" Матфея 9 \", url: \"http://bible.ws.ua/bibliya/evangelie-po-matfeyu/9 \" },\n        { name: \" Матфея 10 \", url: \"http://bible.ws.ua/bibliya/evangelie-po-matfeyu/10 \" },\n        { name: \" Матфея 11 \", url: \"http://bible.ws.ua/bibliya/evangelie-po-matfeyu/11 \" },\n        { name: \" Матфея 12 \", url: \"http://bible.ws.ua/bibliya/evangelie-po-matfeyu/12 \" },\n        { name: \" Матфея 13 \", url: \"http://bible.ws.ua/bibliya/evangelie-po-matfeyu/13 \" },\n        { name: \" Матфея 14 \", url: \"http://bible.ws.ua/bibliya/evangelie-po-matfeyu/14 \" },\n        { name: \" Матфея 15 \", url: \"http://bible.ws.ua/bibliya/evangelie-po-matfeyu/15 \" },\n        { name: \" Матфея 16 \", url: \"http://bible.ws.ua/bibliya/evangelie-po-matfeyu/16 \" },\n        { name: \" Матфея 17 \", url: \"http://bible.ws.ua/bibliya/evangelie-po-matfeyu/17 \" },\n        { name: \" Матфея 18 \", url: \"http://bible.ws.ua/bibliya/evangelie-po-matfeyu/18 \" },\n        { name: \" Матфея 19 \", url: \"http://bible.ws.ua/bibliya/evangelie-po-matfeyu/19 \" },\n        { name: \" Матфея 20 \", url: \"http://bible.ws.ua/bibliya/evangelie-po-matfeyu/20 \" },\n        { name: \" Матфея 21 \", url: \"http://bible.ws.ua/bibliya/evangelie-po-matfeyu/21 \" },\n        { name: \" Матфея 22 \", url: \"http://bible.ws.ua/bibliya/evangelie-po-matfeyu/22 \" },\n        { name: \" Матфея 23 \", url: \"http://bible.ws.ua/bibliya/evangelie-po-matfeyu/23 \" },\n        { name: \" Матфея 24 \", url: \"http://bible.ws.ua/bibliya/evangelie-po-matfeyu/24 \" },\n        { name: \" Матфея 25 \", url: \"http://bible.ws.ua/bibliya/evangelie-po-matfeyu/25 \" },\n        { name: \" Матфея 26 \", url: \"http://bible.ws.ua/bibliya/evangelie-po-matfeyu/26 \" },\n        { name: \" Матфея 27 \", url: \"http://bible.ws.ua/bibliya/evangelie-po-matfeyu/27 \" },\n        { name: \" Матфея 28 \", url: \"http://bible.ws.ua/bibliya/evangelie-po-matfeyu/28 \" },\n        { name: \" Марка 1 \", url: \"http://bible.ws.ua/bibliya/evangelie-po-marku/1 \" },\n        { name: \" Марка 2 \", url: \"http://bible.ws.ua/bibliya/evangelie-po-marku/2 \" },\n        { name: \" Марка 3 \", url: \"http://bible.ws.ua/bibliya/evangelie-po-marku/3 \" },\n        { name: \" Марка 4 \", url: \"http://bible.ws.ua/bibliya/evangelie-po-marku/4 \" },\n        { name: \" Марка 5 \", url: \"http://bible.ws.ua/bibliya/evangelie-po-marku/5 \" },\n        { name: \" Марка 6 \", url: \"http://bible.ws.ua/bibliya/evangelie-po-marku/6 \" },\n        { name: \" Марка 7 \", url: \"http://bible.ws.ua/bibliya/evangelie-po-marku/7 \" },\n        { name: \" Марка 8 \", url: \"http://bible.ws.ua/bibliya/evangelie-po-marku/8 \" },\n        { name: \" Марка 9 \", url: \"http://bible.ws.ua/bibliya/evangelie-po-marku/9 \" },\n        { name: \" Марка 10 \", url: \"http://bible.ws.ua/bibliya/evangelie-po-marku/10 \" },\n        { name: \" Марка 11 \", url: \"http://bible.ws.ua/bibliya/evangelie-po-marku/11 \" },\n        { name: \" Марка 12 \", url: \"http://bible.ws.ua/bibliya/evangelie-po-marku/12 \" },\n        { name: \" Марка 13 \", url: \"http://bible.ws.ua/bibliya/evangelie-po-marku/13 \" },\n        { name: \" Марка 14 \", url: \"http://bible.ws.ua/bibliya/evangelie-po-marku/14 \" },\n        { name: \" Марка 15 \", url: \"http://bible.ws.ua/bibliya/evangelie-po-marku/15 \" },\n        { name: \" Марка 16 \", url: \"http://bible.ws.ua/bibliya/evangelie-po-marku/16 \" },\n        { name: \" Луки 1 \", url: \"http://bible.ws.ua/bibliya/evangelie-po-luke/1 \" },\n        { name: \" Луки 2 \", url: \"http://bible.ws.ua/bibliya/evangelie-po-luke/2 \" },\n        { name: \" Луки 3 \", url: \"http://bible.ws.ua/bibliya/evangelie-po-luke/3 \" },\n        { name: \" Луки 4 \", url: \"http://bible.ws.ua/bibliya/evangelie-po-luke/4 \" },\n        { name: \" Луки 5 \", url: \"http://bible.ws.ua/bibliya/evangelie-po-luke/5 \" },\n        { name: \" Луки 6 \", url: \"http://bible.ws.ua/bibliya/evangelie-po-luke/6 \" },\n        { name: \" Луки 7 \", url: \"http://bible.ws.ua/bibliya/evangelie-po-luke/7 \" },\n        { name: \" Луки 8 \", url: \"http://bible.ws.ua/bibliya/evangelie-po-luke/8 \" },\n        { name: \" Луки 9 \", url: \"http://bible.ws.ua/bibliya/evangelie-po-luke/9 \" },\n        { name: \" Луки 10 \", url: \"http://bible.ws.ua/bibliya/evangelie-po-luke/10 \" },\n        { name: \" Луки 11 \", url: \"http://bible.ws.ua/bibliya/evangelie-po-luke/11 \" },\n        { name: \" Луки 12 \", url: \"http://bible.ws.ua/bibliya/evangelie-po-luke/12 \" },\n        { name: \" Луки 13 \", url: \"http://bible.ws.ua/bibliya/evangelie-po-luke/13 \" },\n        { name: \" Луки 14 \", url: \"http://bible.ws.ua/bibliya/evangelie-po-luke/14 \" },\n        { name: \" Луки 15 \", url: \"http://bible.ws.ua/bibliya/evangelie-po-luke/15 \" },\n        { name: \" Луки 16 \", url: \"http://bible.ws.ua/bibliya/evangelie-po-luke/16 \" },\n        { name: \" Луки 17 \", url: \"http://bible.ws.ua/bibliya/evangelie-po-luke/17 \" },\n        { name: \" Луки 18 \", url: \"http://bible.ws.ua/bibliya/evangelie-po-luke/18 \" },\n        { name: \" Луки 19 \", url: \"http://bible.ws.ua/bibliya/evangelie-po-luke/19 \" },\n        { name: \" Луки 20 \", url: \"http://bible.ws.ua/bibliya/evangelie-po-luke/20 \" },\n        { name: \" Луки 21 \", url: \"http://bible.ws.ua/bibliya/evangelie-po-luke/21 \" },\n        { name: \" Луки 22 \", url: \"http://bible.ws.ua/bibliya/evangelie-po-luke/22 \" },\n        { name: \" Луки 23 \", url: \"http://bible.ws.ua/bibliya/evangelie-po-luke/23 \" },\n        { name: \" Луки 24 \", url: \"http://bible.ws.ua/bibliya/evangelie-po-luke/24 \" },\n        { name: \" Иоанна 1 \", url: \"http://bible.ws.ua/bibliya/evangelie-po-ioannu/1 \" },\n        { name: \" Иоанна 2 \", url: \"http://bible.ws.ua/bibliya/evangelie-po-ioannu/2 \" },\n        { name: \" Иоанна 3 \", url: \"http://bible.ws.ua/bibliya/evangelie-po-ioannu/3 \" },\n        { name: \" Иоанна 4 \", url: \"http://bible.ws.ua/bibliya/evangelie-po-ioannu/4 \" },\n        { name: \" Иоанна 5 \", url: \"http://bible.ws.ua/bibliya/evangelie-po-ioannu/5 \" },\n        { name: \" Иоанна 6 \", url: \"http://bible.ws.ua/bibliya/evangelie-po-ioannu/6 \" },\n        { name: \" Иоанна 7 \", url: \"http://bible.ws.ua/bibliya/evangelie-po-ioannu/7 \" },\n        { name: \" Иоанна 8 \", url: \"http://bible.ws.ua/bibliya/evangelie-po-ioannu/8 \" },\n        { name: \" Иоанна 9 \", url: \"http://bible.ws.ua/bibliya/evangelie-po-ioannu/9 \" },\n        { name: \" Иоанна 10 \", url: \"http://bible.ws.ua/bibliya/evangelie-po-ioannu/10 \" },\n        { name: \" Иоанна 11 \", url: \"http://bible.ws.ua/bibliya/evangelie-po-ioannu/11 \" },\n        { name: \" Иоанна 12 \", url: \"http://bible.ws.ua/bibliya/evangelie-po-ioannu/12 \" },\n        { name: \" Иоанна 13 \", url: \"http://bible.ws.ua/bibliya/evangelie-po-ioannu/13 \" },\n        { name: \" Иоанна 14 \", url: \"http://bible.ws.ua/bibliya/evangelie-po-ioannu/14 \" },\n        { name: \" Иоанна 15 \", url: \"http://bible.ws.ua/bibliya/evangelie-po-ioannu/15 \" },\n        { name: \" Иоанна 16 \", url: \"http://bible.ws.ua/bibliya/evangelie-po-ioannu/16 \" },\n        { name: \" Иоанна 17 \", url: \"http://bible.ws.ua/bibliya/evangelie-po-ioannu/17 \" },\n        { name: \" Иоанна 18 \", url: \"http://bible.ws.ua/bibliya/evangelie-po-ioannu/18 \" },\n        { name: \" Иоанна 19 \", url: \"http://bible.ws.ua/bibliya/evangelie-po-ioannu/19 \" },\n        { name: \" Иоанна 20 \", url: \"http://bible.ws.ua/bibliya/evangelie-po-ioannu/20 \" },\n        { name: \" Иоанна 21 \", url: \"http://bible.ws.ua/bibliya/evangelie-po-ioannu/21 \" },\n        { name: \" Деяния 1 \", url: \"http://bible.ws.ua/bibliya/deyaniya-apostolov/1 \" },\n        { name: \" Деяния 2 \", url: \"http://bible.ws.ua/bibliya/deyaniya-apostolov/2 \" },\n        { name: \" Деяния 3 \", url: \"http://bible.ws.ua/bibliya/deyaniya-apostolov/3 \" },\n        { name: \" Деяния 4 \", url: \"http://bible.ws.ua/bibliya/deyaniya-apostolov/4 \" },\n        { name: \" Деяния 5 \", url: \"http://bible.ws.ua/bibliya/deyaniya-apostolov/5 \" },\n        { name: \" Деяния 6 \", url: \"http://bible.ws.ua/bibliya/deyaniya-apostolov/6 \" },\n        { name: \" Деяния 7 \", url: \"http://bible.ws.ua/bibliya/deyaniya-apostolov/7 \" },\n        { name: \" Деяния 8 \", url: \"http://bible.ws.ua/bibliya/deyaniya-apostolov/8 \" },\n        { name: \" Деяния 9 \", url: \"http://bible.ws.ua/bibliya/deyaniya-apostolov/9 \" },\n        { name: \" Деяния 10 \", url: \"http://bible.ws.ua/bibliya/deyaniya-apostolov/10 \" },\n        { name: \" Деяния 11 \", url: \"http://bible.ws.ua/bibliya/deyaniya-apostolov/11 \" },\n        { name: \" Деяния 12 \", url: \"http://bible.ws.ua/bibliya/deyaniya-apostolov/12 \" },\n        { name: \" Деяния 13 \", url: \"http://bible.ws.ua/bibliya/deyaniya-apostolov/13 \" },\n        { name: \" Деяния 14 \", url: \"http://bible.ws.ua/bibliya/deyaniya-apostolov/14 \" },\n        { name: \" Деяния 15 \", url: \"http://bible.ws.ua/bibliya/deyaniya-apostolov/15 \" },\n        { name: \" Деяния 16 \", url: \"http://bible.ws.ua/bibliya/deyaniya-apostolov/16 \" },\n        { name: \" Деяния 17 \", url: \"http://bible.ws.ua/bibliya/deyaniya-apostolov/17 \" }\n\n        ];\n"]},"hash":"772867fcecad4298bb8e06cfad1b2592705d9d05"}
