{"metadata":{"modules":{"imports":[],"exports":{"exported":[],"specifiers":[]}},"usedHelpers":[]},"ignored":false,"code":"ActiveUsers = new Mongo.Collection(\"activeusers\");\nComments = new Mongo.Collection(\"comments\");\nComments.attachSchema(new SimpleSchema({\n\tverse: {\n\t\ttype: String,\n\t\tlabel: \"Verse you enjoy the best\",\n\t\tmax: 15\n\t},\n\tword1: {\n\t\ttype: String,\n\t\tlabel: \"Word you enjoy the best\",\n\t\tmax: 15\n\t},\n\tword2: {\n\t\ttype: String,\n\t\tlabel: \"Word you enjoy the best\",\n\t\tmax: 15\n\t},\n\tword3: {\n\t\ttype: String,\n\t\tlabel: \"Word you enjoy the best\",\n\t\tmax: 15\n\t},\n\tword4: {\n\t\ttype: String,\n\t\tlabel: \"Word you enjoy the best\",\n\t\tmax: 15\n\t},\n\tword5: {\n\t\ttype: String,\n\t\tlabel: \"Word you enjoy the best\",\n\t\tmax: 15\n\t},\n\tprophecy: {\n\t\ttype: String,\n\t\tlabel: \"Verse you enjoy the best\",\n\t\tmax: 1000\n\t}\n}));","ast":null,"map":{"version":3,"sources":["/lib/collections.js"],"names":[],"mappings":"AAAA,WAAW,GAAG,IAAI,KAAK,CAAC,UAAU,CAAC,aAAa,CAAC,CAAC;AAClD,QAAQ,GAAG,IAAI,KAAK,CAAC,UAAU,CAAC,UAAU,CAAC,CAAC;AAC5C,QAAQ,CAAC,YAAY,CAAC,IAAI,YAAY,CAAC;AACtC,MAAK,EAAE;AACN,MAAI,EAAE,MAAM;AACZ,OAAK,EAAE,0BAA0B;AACjC,KAAG,EAAE,EAAE;EACP;AACD,MAAK,EAAE;AACN,MAAI,EAAE,MAAM;AACZ,OAAK,EAAE,yBAAyB;AAChC,KAAG,EAAE,EAAE;EACP;AACD,MAAK,EAAE;AACN,MAAI,EAAE,MAAM;AACZ,OAAK,EAAE,yBAAyB;AAChC,KAAG,EAAE,EAAE;EACP;AACD,MAAK,EAAE;AACN,MAAI,EAAE,MAAM;AACZ,OAAK,EAAE,yBAAyB;AAChC,KAAG,EAAE,EAAE;EACP;AACD,MAAK,EAAE;AACN,MAAI,EAAE,MAAM;AACZ,OAAK,EAAE,yBAAyB;AAChC,KAAG,EAAE,EAAE;EACP;AACD,MAAK,EAAE;AACN,MAAI,EAAE,MAAM;AACZ,OAAK,EAAE,yBAAyB;AAChC,KAAG,EAAE,EAAE;EACP;AACD,SAAQ,EAAE;AACT,MAAI,EAAE,MAAM;AACZ,OAAK,EAAE,0BAA0B;AACjC,KAAG,EAAE,IAAI;EACT;CACD,CAAC,CAAC,CAAC","file":"/lib/collections.js.map","sourcesContent":["ActiveUsers = new Mongo.Collection(\"activeusers\");\r\nComments = new Mongo.Collection(\"comments\");\r\nComments.attachSchema(new SimpleSchema({\r\n\tverse: {\r\n\t\ttype: String,\r\n\t\tlabel: \"Verse you enjoy the best\",\r\n\t\tmax: 15\r\n\t},\r\n\tword1: {\r\n\t\ttype: String,\r\n\t\tlabel: \"Word you enjoy the best\",\r\n\t\tmax: 15\r\n\t},\r\n\tword2: {\r\n\t\ttype: String,\r\n\t\tlabel: \"Word you enjoy the best\",\r\n\t\tmax: 15\r\n\t},\r\n\tword3: {\r\n\t\ttype: String,\r\n\t\tlabel: \"Word you enjoy the best\",\r\n\t\tmax: 15\r\n\t},\r\n\tword4: {\r\n\t\ttype: String,\r\n\t\tlabel: \"Word you enjoy the best\",\r\n\t\tmax: 15\r\n\t},\r\n\tword5: {\r\n\t\ttype: String,\r\n\t\tlabel: \"Word you enjoy the best\",\r\n\t\tmax: 15\r\n\t},\r\n\tprophecy: {\r\n\t\ttype: String,\r\n\t\tlabel: \"Verse you enjoy the best\",\r\n\t\tmax: 1000\r\n\t}\r\n}));"]},"hash":"87d37f9861f5c293c760d9004b0339ed1e7318f9"}
