{"metadata":{"modules":{"imports":[],"exports":{"exported":[],"specifiers":[]}},"usedHelpers":[]},"ignored":false,"code":"if (Meteor.isClient) {\n\n  Router.configure({\n    layoutTemplate: 'ApplicationLayout'\n  });\n\n  Router.route('/', function () {\n    this.render('home');\n  });\n\n  // counter starts at 0\n  Session.setDefault('counter', 0);\n\n  Template.hello.helpers({\n    counter: function () {\n      return Session.get('counter');\n    }\n  });\n\n  Template.hello.events({\n    'click button': function () {\n      // increment the counter when button is clicked\n      Session.set('counter', Session.get('counter') + 1);\n    }\n  });\n}\n\nif (Meteor.isServer) {\n  Meteor.startup(function () {\n    // code to run on server at startup\n  });\n}","ast":null,"map":{"version":3,"sources":["/biblereadinginfo.js"],"names":[],"mappings":"AAAA,IAAI,MAAM,CAAC,QAAQ,EAAE;;AAEpB,QAAM,CAAC,SAAS,CAAC;AAChB,kBAAc,EAAE,mBAAmB;GACnC,CAAC,CAAC;;AAEH,QAAM,CAAC,KAAK,CAAC,GAAG,EAAE,YAAY;AAC9B,QAAI,CAAC,MAAM,CAAC,MAAM,CAAC,CAAC;GACnB,CAAC,CAAC;;;AAGF,SAAO,CAAC,UAAU,CAAC,SAAS,EAAE,CAAC,CAAC,CAAC;;AAEjC,UAAQ,CAAC,KAAK,CAAC,OAAO,CAAC;AACrB,WAAO,EAAE,YAAY;AACnB,aAAO,OAAO,CAAC,GAAG,CAAC,SAAS,CAAC,CAAC;KAC/B;GACF,CAAC,CAAC;;AAEH,UAAQ,CAAC,KAAK,CAAC,MAAM,CAAC;AACpB,kBAAc,EAAE,YAAY;;AAE1B,aAAO,CAAC,GAAG,CAAC,SAAS,EAAE,OAAO,CAAC,GAAG,CAAC,SAAS,CAAC,GAAG,CAAC,CAAC,CAAC;KACpD;GACF,CAAC,CAAC;CACJ;;AAED,IAAI,MAAM,CAAC,QAAQ,EAAE;AACnB,QAAM,CAAC,OAAO,CAAC,YAAY;;GAE1B,CAAC,CAAC;CACJ","file":"/biblereadinginfo.js.map","sourcesContent":["if (Meteor.isClient) {\n\t\n\tRouter.configure({\n\t\tlayoutTemplate: 'ApplicationLayout'\n\t});\n\t\n\tRouter.route('/', function () {\n\tthis.render('home');\n\t});\n\t\n  // counter starts at 0\n  Session.setDefault('counter', 0);\n\n  Template.hello.helpers({\n    counter: function () {\n      return Session.get('counter');\n    }\n  });\n\n  Template.hello.events({\n    'click button': function () {\n      // increment the counter when button is clicked\n      Session.set('counter', Session.get('counter') + 1);\n    }\n  });\n}\n\nif (Meteor.isServer) {\n  Meteor.startup(function () {\n    // code to run on server at startup\n  });\n}\n"]},"hash":"99b365fbe065f9a631a469daf3c139c22b56d661"}
