{"metadata":{"modules":{"imports":[],"exports":{"exported":[],"specifiers":[]}},"usedHelpers":[]},"ignored":false,"code":"Meteor.startup(function () {\n  // code to run on server at startup\n\n});","ast":null,"map":{"version":3,"sources":["/server/server.js"],"names":[],"mappings":"AAAE,MAAM,CAAC,OAAO,CAAC,YAAY;;;CAG5B,CAAC,CAAC","file":"/server/server.js.map","sourcesContent":["  Meteor.startup(function () {\r\n    // code to run on server at startup\r\n\r\n});"]},"hash":"b38661855bb2e78c472212038807edcf07c44cd8"}
