{"metadata":{"modules":{"imports":[],"exports":{"exported":[],"specifiers":[]}},"usedHelpers":[]},"ignored":false,"code":"ActiveUsers = new Mongo.Collection(\"activeusers\");\nBlogposts = new Mongo.Collection(\"blogposts\");","ast":null,"map":{"version":3,"sources":["/lib/collections.js"],"names":[],"mappings":"AAAA,WAAW,GAAG,IAAI,KAAK,CAAC,UAAU,CAAC,aAAa,CAAC,CAAC;AAClD,SAAS,GAAG,IAAI,KAAK,CAAC,UAAU,CAAC,WAAW,CAAC,CAAC","file":"/lib/collections.js.map","sourcesContent":["ActiveUsers = new Mongo.Collection(\"activeusers\");\r\nBlogposts = new Mongo.Collection(\"blogposts\");"]},"hash":"c61c7b492672a7e0afd52d021cd9efb9f6c1ebb6"}
