{"metadata":{"modules":{"imports":[],"exports":{"exported":[],"specifiers":[]}},"usedHelpers":[]},"ignored":false,"code":"/**\n * @namespace Accounts\n * @summary The namespace for all server-side accounts-related methods.\n */\nAccounts = new AccountsServer(Meteor.server);\n\n// Users table. Don't use the normal autopublish, since we want to hide\n// some fields. Code to autopublish this is in accounts_server.js.\n// XXX Allow users to configure this collection name.\n\n/**\n * @summary A [Mongo.Collection](#collections) containing user documents.\n * @locus Anywhere\n * @type {Mongo.Collection}\n */\nMeteor.users = Accounts.users;","ast":null,"map":{"version":3,"sources":["/globals_server.js"],"names":[],"mappings":";;;;AAIA,QAAQ,GAAG,IAAI,cAAc,CAAC,MAAM,CAAC,MAAM,CAAC,CAAC;;;;;;;;;;;AAW7C,MAAM,CAAC,KAAK,GAAG,QAAQ,CAAC,KAAK,CAAC","file":"/globals_server.js.map","sourcesContent":["/**\n * @namespace Accounts\n * @summary The namespace for all server-side accounts-related methods.\n */\nAccounts = new AccountsServer(Meteor.server);\n\n// Users table. Don't use the normal autopublish, since we want to hide\n// some fields. Code to autopublish this is in accounts_server.js.\n// XXX Allow users to configure this collection name.\n\n/**\n * @summary A [Mongo.Collection](#collections) containing user documents.\n * @locus Anywhere\n * @type {Mongo.Collection}\n */\nMeteor.users = Accounts.users;\n"]},"hash":"ce37d0059bbffb18fb8590743b6942130f1f1e3d"}
