{"metadata":{"modules":{"imports":[],"exports":{"exported":[],"specifiers":[]}},"usedHelpers":[]},"ignored":false,"code":"Router.configure({\n\tlayoutTemplate: 'layout'\n});\nRouter.route('/', function () {\n\tthis.render('home');\n});\n\nRouter.route('/projects', function () {\n\tthis.render('projects');\n});","ast":null,"map":{"version":3,"sources":["/routes.js"],"names":[],"mappings":"AAAA,MAAM,CAAC,SAAS,CAAC;AAChB,eAAc,EAAE,QAAQ;CACxB,CAAC,CAAC;AACH,MAAM,CAAC,KAAK,CAAC,GAAG,EAAE,YAAY;AAC7B,KAAI,CAAC,MAAM,CAAC,MAAM,CAAC,CAAC;CACpB,CAAC,CAAC;;AAEH,MAAM,CAAC,KAAK,CAAC,WAAW,EAAE,YAAY;AACrC,KAAI,CAAC,MAAM,CAAC,UAAU,CAAC,CAAC;CACxB,CAAC,CAAC","file":"/routes.js.map","sourcesContent":["Router.configure({\r\n\tlayoutTemplate: 'layout'\r\n});\r\nRouter.route('/', function () {\r\n\tthis.render('home');\r\n});\r\n\r\nRouter.route('/projects', function () {\r\n\tthis.render('projects');\r\n});"]},"hash":"d57c82276f7f1f6181ad7ccdd5b50d3f4a701e8a"}
