{"metadata":{"modules":{"imports":[],"exports":{"exported":[],"specifiers":[]}},"usedHelpers":[]},"ignored":false,"code":"Meteor.metods({\n\t'submitPost': function (title, body) {\n\t\tconsole.log(title);\n\t\tconsole.log(body);\n\t}\n});","ast":null,"map":{"version":3,"sources":["/server/server.js"],"names":[],"mappings":"AAAA,MAAM,CAAC,MAAM,CAAC;AACb,aAAY,EAAC,UAAS,KAAK,EAAC,IAAI,EAAC;AAChC,SAAO,CAAC,GAAG,CAAC,KAAK,CAAC,CAAC;AACnB,SAAO,CAAC,GAAG,CAAC,IAAI,CAAC,CAAC;EAClB;CACD,CAAC,CAAA","file":"/server/server.js.map","sourcesContent":["Meteor.metods({\r\n\t'submitPost':function(title,body){\r\n\t\tconsole.log(title);\r\n\t\tconsole.log(body);\r\n\t}\r\n})"]},"hash":"f217c2e4a5074def35926ded566613ac1163b342"}
