{"metadata":{"modules":{"imports":[],"exports":{"exported":[],"specifiers":[]}},"usedHelpers":[]},"ignored":false,"code":"if (Meteor.isClient) {\n\n\tRouter.configure({\n\t\tlayoutTemplate: 'ApplicationLayout'\n\t});\n\n\tRouter.route('/', function () {\n\t\tthis.render('navbar', {\n\t\t\tto: \"navbar\"\n\t\t});\n\t\tthis.render('home', {\n\t\t\tto: \"basic\"\n\t\t});\n\t});\n\n\tTemplate.navbar.rendered = function () {\n\t\tconsole.log(\"I am in\");\n\t\tvar now = new Date();\n\t\tvar start = new Date(now.getFullYear(), 0, 0);\n\t\tvar diff = now - start;\n\t\tvar oneDay = 1000 * 60 * 60 * 24;\n\t\tvar dayNumber = Math.round(diff / oneDay);\n\t\t$(\"a#EnglishNew\").text(Day_English_New[dayNumber].name);\n\t\t$(\"a#RussianNew\").text(Day_Russian_New[dayNumber].name);\n\t\t$('#EnglishNew').click(function () {\n\t\t\t$(\"#pages\").attr('src', Day_English_New[dayNumber].url);return false;\n\t\t});\n\t\t$('#RussianNew').click(function () {\n\t\t\t$(\"#pages\").attr('src', Day_Russian_New[dayNumber].url);return false;\n\t\t});\n\t\t$('#EnglishNew').click();\n\t\tvar i = 0;\n\t\tdo {\n\t\t\ti = i + 1;\n\t\t} while (dayNumber !== Day_English_Old[i].day);\n\t\t$(\"a#Old1\").text(Day_English_Old[i].name);\n\t\t$('#Old1').click(function () {\n\t\t\t$(\"#pages\").attr('src', Day_English_Old[i].url);return false;\n\t\t});\n\t\t$(\"a#CTAP1\").text(Day_Russian_Old[i].name);\n\t\t$('#CTAP1').click(function () {\n\t\t\t$(\"#pages\").attr('src', Day_Russian_Old[i].url);return false;\n\t\t});\n\t\t$(\"a#Old2\").text(Day_English_Old[i + 1].name);\n\t\t$('#Old2').click(function () {\n\t\t\t$(\"#pages\").attr('src', Day_English_Old[i + 1].url);return false;\n\t\t});\n\t\t$(\"a#CTAP2\").text(Day_Russian_Old[i + 1].name);\n\t\t$('#CTAP2').click(function () {\n\t\t\t$(\"#pages\").attr('src', Day_Russian_Old[i + 1].url);return false;\n\t\t});\n\t\tif (dayNumber === Day_English_Old[i + 2].day) {\n\t\t\t$(\"a#Old3\").text(Day_English_Old[i + 2].name);\n\t\t\t$('#Old3').click(function () {\n\t\t\t\t$(\"#pages\").attr('src', Day_English_Old[i + 2].url);return false;\n\t\t\t});\n\t\t\t$(\"a#CTAP3\").text(Day_Russian_Old[i + 2].name);\n\t\t\t$('#CTAP3').click(function () {\n\t\t\t\t$(\"#pages\").attr('src', Day_Russian_Old[i + 2].url);return false;\n\t\t\t});\n\t\t}\n\t\treturn \"\";\n\t};\n}\n\nif (Meteor.isServer) {\n\tMeteor.startup(function () {\n\t\t// code to run on server at startup\n\t});\n}","ast":null,"map":{"version":3,"sources":["/biblereadinginfo.js"],"names":[],"mappings":"AAAA,IAAI,MAAM,CAAC,QAAQ,EAAE;;AAEpB,OAAM,CAAC,SAAS,CAAC;AAChB,gBAAc,EAAE,mBAAmB;EACnC,CAAC,CAAC;;AAEH,OAAM,CAAC,KAAK,CAAC,GAAG,EAAE,YAAY;AAC7B,MAAI,CAAC,MAAM,CAAC,QAAQ,EAAE;AACrB,KAAE,EAAC,QAAQ;GACX,CAAC,CAAC;AACH,MAAI,CAAC,MAAM,CAAC,MAAM,EAAE;AACnB,KAAE,EAAC,OAAO;GACV,CAAC,CAAC;EACH,CAAC,CAAC;;AAEH,SAAQ,CAAC,MAAM,CAAC,QAAQ,GAAG,YAAY;AACnC,SAAO,CAAC,GAAG,CAAC,SAAS,CAAC,CAAC;AACxB,MAAI,GAAG,GAAG,IAAI,IAAI,EAAE,CAAC;AACtB,MAAI,KAAK,GAAG,IAAI,IAAI,CAAC,GAAG,CAAC,WAAW,EAAE,EAAE,CAAC,EAAE,CAAC,CAAC,CAAC;AAC9C,MAAI,IAAI,GAAG,GAAG,GAAG,KAAK,CAAC;AACvB,MAAI,MAAM,GAAG,IAAI,GAAG,EAAE,GAAG,EAAE,GAAG,EAAE,CAAC;AACjC,MAAI,SAAS,GAAG,IAAI,CAAC,KAAK,CAAC,IAAI,GAAG,MAAM,CAAC,CAAC;AAC1C,GAAC,CAAC,cAAc,CAAC,CAAC,IAAI,CAAC,eAAe,CAAC,SAAS,CAAC,CAAC,IAAI,CAAC,CAAC;AACxD,GAAC,CAAC,cAAc,CAAC,CAAC,IAAI,CAAC,eAAe,CAAC,SAAS,CAAC,CAAC,IAAI,CAAC,CAAC;AACxD,GAAC,CAAC,aAAa,CAAC,CAAC,KAAK,CAAC,YAAY;AAAE,IAAC,CAAC,QAAQ,CAAC,CAAC,IAAI,CAAC,KAAK,EAAE,eAAe,CAAC,SAAS,CAAC,CAAC,GAAG,CAAC,CAAC,AAAC,OAAO,KAAK,CAAC;GAAE,CAAC,CAAC;AAC/G,GAAC,CAAC,aAAa,CAAC,CAAC,KAAK,CAAC,YAAY;AAAE,IAAC,CAAC,QAAQ,CAAC,CAAC,IAAI,CAAC,KAAK,EAAE,eAAe,CAAC,SAAS,CAAC,CAAC,GAAG,CAAC,CAAC,AAAC,OAAO,KAAK,CAAC;GAAE,CAAC,CAAC;AAC/G,GAAC,CAAC,aAAa,CAAC,CAAC,KAAK,EAAE,CAAC;AACzB,MAAI,CAAC,GAAG,CAAC,CAAC;AACV,KAAG;AACF,IAAC,GAAG,CAAC,GAAG,CAAC,CAAC;GACV,QAAQ,SAAS,KAAK,eAAe,CAAC,CAAC,CAAC,CAAC,GAAG,EAAE;AAC/C,GAAC,CAAC,QAAQ,CAAC,CAAC,IAAI,CAAC,eAAe,CAAC,CAAC,CAAC,CAAC,IAAI,CAAC,CAAC;AAC1C,GAAC,CAAC,OAAO,CAAC,CAAC,KAAK,CAAC,YAAY;AAAE,IAAC,CAAC,QAAQ,CAAC,CAAC,IAAI,CAAC,KAAK,EAAE,eAAe,CAAC,CAAC,CAAC,CAAC,GAAG,CAAC,CAAC,AAAC,OAAO,KAAK,CAAC;GAAE,CAAC,CAAC;AACjG,GAAC,CAAC,SAAS,CAAC,CAAC,IAAI,CAAC,eAAe,CAAC,CAAC,CAAC,CAAC,IAAI,CAAC,CAAC;AAC3C,GAAC,CAAC,QAAQ,CAAC,CAAC,KAAK,CAAC,YAAY;AAAE,IAAC,CAAC,QAAQ,CAAC,CAAC,IAAI,CAAC,KAAK,EAAE,eAAe,CAAC,CAAC,CAAC,CAAC,GAAG,CAAC,CAAC,AAAC,OAAO,KAAK,CAAC;GAAE,CAAC,CAAC;AAClG,GAAC,CAAC,QAAQ,CAAC,CAAC,IAAI,CAAC,eAAe,CAAC,CAAC,GAAG,CAAC,CAAC,CAAC,IAAI,CAAC,CAAC;AAC9C,GAAC,CAAC,OAAO,CAAC,CAAC,KAAK,CAAC,YAAY;AAAE,IAAC,CAAC,QAAQ,CAAC,CAAC,IAAI,CAAC,KAAK,EAAE,eAAe,CAAC,CAAC,GAAG,CAAC,CAAC,CAAC,GAAG,CAAC,CAAC,AAAC,OAAO,KAAK,CAAC;GAAE,CAAC,CAAC;AACrG,GAAC,CAAC,SAAS,CAAC,CAAC,IAAI,CAAC,eAAe,CAAC,CAAC,GAAG,CAAC,CAAC,CAAC,IAAI,CAAC,CAAC;AAC/C,GAAC,CAAC,QAAQ,CAAC,CAAC,KAAK,CAAC,YAAY;AAAE,IAAC,CAAC,QAAQ,CAAC,CAAC,IAAI,CAAC,KAAK,EAAE,eAAe,CAAC,CAAC,GAAG,CAAC,CAAC,CAAC,GAAG,CAAC,CAAC,AAAC,OAAO,KAAK,CAAC;GAAE,CAAC,CAAC;AACtG,MAAI,SAAS,KAAK,eAAe,CAAC,CAAC,GAAG,CAAC,CAAC,CAAC,GAAG,EAAE;AAC7C,IAAC,CAAC,QAAQ,CAAC,CAAC,IAAI,CAAC,eAAe,CAAC,CAAC,GAAG,CAAC,CAAC,CAAC,IAAI,CAAC,CAAC;AAC9C,IAAC,CAAC,OAAO,CAAC,CAAC,KAAK,CAAC,YAAY;AAAE,KAAC,CAAC,QAAQ,CAAC,CAAC,IAAI,CAAC,KAAK,EAAE,eAAe,CAAC,CAAC,GAAG,CAAC,CAAC,CAAC,GAAG,CAAC,CAAC,AAAC,OAAO,KAAK,CAAC;IAAE,CAAC,CAAC;AACrG,IAAC,CAAC,SAAS,CAAC,CAAC,IAAI,CAAC,eAAe,CAAC,CAAC,GAAG,CAAC,CAAC,CAAC,IAAI,CAAC,CAAC;AAC/C,IAAC,CAAC,QAAQ,CAAC,CAAC,KAAK,CAAC,YAAY;AAAE,KAAC,CAAC,QAAQ,CAAC,CAAC,IAAI,CAAC,KAAK,EAAE,eAAe,CAAC,CAAC,GAAG,CAAC,CAAC,CAAC,GAAG,CAAC,CAAC,AAAC,OAAO,KAAK,CAAC;IAAE,CAAC,CAAC;GACtG;AACF,SAAO,EAAE,CAAC;EACR,CAAC;CACJ;;AAED,IAAI,MAAM,CAAC,QAAQ,EAAE;AACnB,OAAM,CAAC,OAAO,CAAC,YAAY;;EAE1B,CAAC,CAAC;CACJ","file":"/biblereadinginfo.js.map","sourcesContent":["if (Meteor.isClient) {\n\t\n\tRouter.configure({\n\t\tlayoutTemplate: 'ApplicationLayout'\n\t});\n\t\n\tRouter.route('/', function () {\n\t\tthis.render('navbar', {\n\t\t\tto:\"navbar\"\n\t\t});\n\t\tthis.render('home', {\n\t\t\tto:\"basic\"\n\t\t});\n\t});\n\t\t\n\tTemplate.navbar.rendered = function () {\n\t\t  \tconsole.log(\"I am in\");\n\t\t \tvar now = new Date();\n\t\t\tvar start = new Date(now.getFullYear(), 0, 0);\n\t\t\tvar diff = now - start;\n\t\t\tvar oneDay = 1000 * 60 * 60 * 24;\n\t\t\tvar dayNumber = Math.round(diff / oneDay);\n\t\t\t$(\"a#EnglishNew\").text(Day_English_New[dayNumber].name);\n\t\t\t$(\"a#RussianNew\").text(Day_Russian_New[dayNumber].name);\n\t\t\t$('#EnglishNew').click(function () { $(\"#pages\").attr('src', Day_English_New[dayNumber].url); return false; });\n\t\t\t$('#RussianNew').click(function () { $(\"#pages\").attr('src', Day_Russian_New[dayNumber].url); return false; });\n\t\t\t$('#EnglishNew').click();\n\t\t\tvar i = 0;\n\t\t\tdo {\n\t\t\t\ti = i + 1;\n\t\t\t} while (dayNumber !== Day_English_Old[i].day);\n\t\t\t$(\"a#Old1\").text(Day_English_Old[i].name);\n\t\t\t$('#Old1').click(function () { $(\"#pages\").attr('src', Day_English_Old[i].url); return false; });\n\t\t\t$(\"a#CTAP1\").text(Day_Russian_Old[i].name);\n\t\t\t$('#CTAP1').click(function () { $(\"#pages\").attr('src', Day_Russian_Old[i].url); return false; });\n\t\t\t$(\"a#Old2\").text(Day_English_Old[i + 1].name);\n\t\t\t$('#Old2').click(function () { $(\"#pages\").attr('src', Day_English_Old[i + 1].url); return false; });\n\t\t\t$(\"a#CTAP2\").text(Day_Russian_Old[i + 1].name);\n\t\t\t$('#CTAP2').click(function () { $(\"#pages\").attr('src', Day_Russian_Old[i + 1].url); return false; });\n\t\t\tif (dayNumber === Day_English_Old[i + 2].day) {\n\t\t\t\t$(\"a#Old3\").text(Day_English_Old[i + 2].name);\n\t\t\t\t$('#Old3').click(function () { $(\"#pages\").attr('src', Day_English_Old[i + 2].url); return false; });\n\t\t\t\t$(\"a#CTAP3\").text(Day_Russian_Old[i + 2].name);\n\t\t\t\t$('#CTAP3').click(function () { $(\"#pages\").attr('src', Day_Russian_Old[i + 2].url); return false; });\n\t\t\t}\n\t\treturn \"\";\n\t  };\n}\n\nif (Meteor.isServer) {\n  Meteor.startup(function () {\n    // code to run on server at startup\n  });\n}\n"]},"hash":"210e7d34d601446f6d5d123dc3943e54e3b36094"}
