{"metadata":{"modules":{"imports":[],"exports":{"exported":[],"specifiers":[]}},"usedHelpers":[]},"ignored":false,"code":"Blog.config({\n\trss: {\n\t\ttitle: 'Bible Reading Info',\n\t\tdescription: 'More info on reading the Bible'\n\t}\n});","ast":null,"map":{"version":3,"sources":["/server/blog.js"],"names":[],"mappings":"AAAA,IAAI,CAAC,MAAM,CAAC;AACV,IAAG,EAAE;AACJ,OAAK,EAAE,oBAAoB;AAC3B,aAAW,EAAE,gCAAgC;EAC7C;CACD,CAAC,CAAC","file":"/server/blog.js.map","sourcesContent":["Blog.config({\r\n\t\trss: {\r\n\t\t\ttitle: 'Bible Reading Info',\r\n\t\t\tdescription: 'More info on reading the Bible'\r\n\t\t}\r\n\t});"]},"hash":"49a9c80baf5f53a61029a5871083d182317a1d31"}
